"id_invoice","tanggal","id_customer","nama_customer","cabang_sales","id_distributor","group_category","total_barang","total_pembelian"
IN5978,"5/25/2022",CUST55670,APOTEK SINAR JAYA,Bekasi,TD,Apotek,1,10529.19
IN5979,"3/28/2022",CUST55598,APOTEK MAJA,Kuningan,TA,Apotek,1,104052.59999999999
IN5980,"1/23/2022",CUST55432,APOTEK TAPAK,Aceh,TA,Apotek,1,213812.0
IN5981,"1/28/2022",CUST55443,APOTEK MERDEKA,Bandung,EPM,Apotek,1,661253.2000000001
IN5982,"1/30/2022",CUST55535,APOTEK SINAR JAYA,Bekasi,TD,Apotek,1,14096.0
IN5983,"4/21/2022",CUST55622,KLINIK GM,Jakarta,EPM,Klinik,1,716270.2000000001
IN5984,"5/1/2022",CUST55714,KLINIK SAHABAT,Tangerang,TD,Klinik,1,45186.4
IN5985,"4/18/2022",CUST55640,APOTEK SINAR JAYA,Bekasi,TD,Apotek,1,25738.02
IN5986,"2/15/2022",CUST55557,APOTEK SINAR JAYA,Bekasi,TA,Apotek,1,35927.1
IN5987,"4/19/2022",CUST55659,KLINIK GM,Jakarta,EPM,Klinik,1,97164.2
IN5988,"2/9/2022",CUST55551,APOTEK SAHABAT,Padang,EPM,Apotek,1,23375.0
IN5989,"5/1/2022",CUST55719,KLINIK GM,Jakarta,TA,Klinik,1,465000.10000000003
IN5990,"5/3/2022",CUST55706,KLINIK SAHABAT,Tangerang,TA,Klinik,1,45921.0
IN5991,"1/23/2022",CUST55414,KLINIK SAHABAT,Tangerang,TD,Klinik,1,135559.2
IN5992,"6/16/2022",CUST55707,APOTEK SINAR JAYA,Bekasi,EPM,Apotek,1,91813.7
IN5993,"5/26/2022",CUST55671,APOTEK SAHABAT,Padang,TD,Apotek,1,2337.5
IN5994,"2/1/2022",CUST55411,APOTEK MAJA,Kuningan,TD,Apotek,1,28050.0
IN5995,"4/6/2022",CUST55607,KLINIK GM,Jakarta,TD,Klinik,1,55886.6
IN5996,"5/25/2022",CUST55656,APOTEK SAHABAT,Padang,EPM,Apotek,1,101026.20000000001
IN5997,"1/20/2022",CUST55380,APOTEK TAPAK,Aceh,TD,Apotek,1,1169.91
IN5998,"4/9/2022",CUST55610,APOTEK SINAR JAYA,Bekasi,TD,Apotek,1,26907.93
IN5999,"5/1/2022",CUST55632,APOTEK SINAR JAYA,Bekasi,EPM,Apotek,1,53453.0
IN6000,"6/16/2022",CUST55717,APOTEK TAPAK,Aceh,EPM,Apotek,1,27943.3
IN6001,"4/2/2022",CUST55603,APOTEK SAHABAT,Padang,TD,Apotek,1,182714.7
IN6002,"2/4/2022",CUST55546,APOTEK MAJA,Kuningan,TD,Apotek,1,64289.40000000001
IN6003,"1/27/2022",CUST55424,KLINIK DR. ANDRI,Lampung,TD,Klinik,1,50834.700000000004
IN6004,"5/1/2022",CUST55729,KLINIK SAHABAT,Tangerang,TA,Klinik,1,34701.5
IN6005,"2/1/2022",CUST55447,APOTEK TAPAK,Aceh,EPM,Apotek,1,47902.8
IN6006,"2/12/2022",CUST55554,KLINIK GM,Jakarta,TA,Klinik,1,28241.5
IN6007,"5/2/2022",CUST55715,APOTEK SINAR JAYA,Bekasi,TD,Apotek,1,25372.8
IN6008,"1/30/2022",CUST55469,KLINIK DR. ANDRI,Lampung,TA,Klinik,1,83283.6
IN6009,"4/28/2022",CUST55637,KLINIK GM,Jakarta,TD,Klinik,1,303384.4
IN6010,"5/31/2022",CUST55676,KLINIK SAHABAT,Tangerang,EPM,Klinik,1,22960.5
IN6011,"2/25/2022",CUST55567,APOTEK TAPAK,Aceh,TA,Apotek,1,39919.0
IN6012,"6/16/2022",CUST55712,KLINIK GM,Jakarta,TA,Klinik,1,53453.0
IN6013,"1/28/2022",CUST55407,APOTEK SINAR JAYA,Bekasi,TD,Apotek,1,99797.5
IN6014,"3/21/2022",CUST55591,APOTEK MAJA,Kuningan,TA,Apotek,1,79475.0
IN6015,"1/31/2022",CUST55482,APOTEK SINAR JAYA,Bekasi,TD,Apotek,1,53453.0
IN6016,"3/9/2022",CUST55579,KLINIK SAHABAT,Tangerang,TD,Klinik,1,34701.5
IN6017,"2/1/2022",CUST55513,APOTEK SAHABAT,Padang,TA,Apotek,1,200116.1
IN6018,"4/1/2022",CUST55602,APOTEK SINAR JAYA,Bekasi,EPM,Apotek,1,149668.4
IN6019,"4/20/2022",CUST55663,APOTEK SAHABAT,Padang,EPM,Apotek,1,104408.40000000001
IN6020,"3/11/2022",CUST55581,APOTEK SAHABAT,Padang,TA,Apotek,1,2337.5
IN6021,"4/19/2022",CUST55620,APOTEK TAPAK,Aceh,TD,Apotek,1,8189.370000000001
IN6022,"5/23/2022",CUST55654,KLINIK SAHABAT,Tangerang,TD,Klinik,1,50834.700000000004
IN6023,"2/1/2022",CUST55399,KLINIK SAHABAT,Tangerang,EPM,Klinik,1,104104.5
IN6024,"1/27/2022",CUST55394,KLINIK DR. ANDRI,Lampung,TD,Klinik,1,67779.6
IN6025,"1/30/2022",CUST55523,APOTEK MAJA,Kuningan,TA,Apotek,1,60904.90000000001
IN6026,"2/16/2022",CUST55558,APOTEK SAHABAT,Padang,EPM,Apotek,1,121394.7
IN6027,"4/11/2022",CUST55612,APOTEK TAPAK,Aceh,EPM,Apotek,1,106906.0
IN6028,"1/23/2022",CUST55420,APOTEK MERDEKA,Bandung,EPM,Apotek,1,114651.18000000001
IN6029,"1/28/2022",CUST55389,KLINIK GM,Jakarta,EPM,Klinik,1,27761.2
IN6030,"5/1/2022",CUST55709,KLINIK DR. ANDRI,Lampung,TA,Klinik,1,69403.0
IN6031,"4/15/2022",CUST55616,KLINIK SAHABAT,Tangerang,TD,Klinik,1,18368.4
IN6032,"6/3/2022",CUST55679,KLINIK DR. ANDRI,Lampung,TA,Klinik,1,159626.9
IN6033,"6/12/2022",CUST55688,APOTEK MAJA,Kuningan,TD,Apotek,1,196543.8
IN6034,"2/20/2022",CUST55562,KLINIK GM,Jakarta,TD,Klinik,1,149668.4
IN6035,"4/25/2022",CUST55626,APOTEK SAHABAT,Padang,EPM,Apotek,1,91842.0
IN6036,"1/27/2022",CUST55388,APOTEK MAJA,Kuningan,TA,Apotek,1,132956.1
IN6037,"5/3/2022",CUST55721,KLINIK SAHABAT,Tangerang,TD,Klinik,1,105187.5
IN6038,"1/30/2022",CUST55517,KLINIK GM,Jakarta,TA,Klinik,1,391206.2
IN6039,"1/23/2022",CUST55480,APOTEK MERDEKA,Bandung,EPM,Apotek,1,15208.830000000002
IN6040,"1/31/2022",CUST55470,APOTEK TAPAK,Aceh,EPM,Apotek,1,11699.1
IN6041,"2/28/2022",CUST55570,APOTEK MERDEKA,Bandung,TD,Apotek,1,5849.55
IN6042,"1/31/2022",CUST55428,APOTEK MERDEKA,Bandung,TD,Apotek,1,387306.89999999997
IN6043,"3/10/2022",CUST55580,APOTEK SINAR JAYA,Bekasi,TD,Apotek,1,10529.19
IN6044,"5/1/2022",CUST55694,KLINIK DR. ANDRI,Lampung,TD,Klinik,1,101669.40000000001
IN6045,"1/31/2022",CUST55506,APOTEK SAHABAT,Padang,TA,Apotek,1,96434.1
IN6046,"6/15/2022",CUST55691,KLINIK SAHABAT,Tangerang,TD,Klinik,1,28050.0
IN6047,"4/26/2022",CUST55635,APOTEK TAPAK,Aceh,TA,Apotek,1,33830.399999999994
IN6048,"1/31/2022",CUST55464,KLINIK GM,Jakarta,EPM,Klinik,1,141207.5
IN6049,"1/28/2022",CUST55479,KLINIK GM,Jakarta,TA,Klinik,1,62462.700000000004
IN6050,"1/31/2022",CUST55434,KLINIK GM,Jakarta,TD,Klinik,1,192042.2
IN6051,"3/23/2022",CUST55593,APOTEK MERDEKA,Bandung,TD,Apotek,1,130510.50000000001
IN6052,"1/23/2022",CUST55385,APOTEK SINAR JAYA,Bekasi,TA,Apotek,1,14096.0
IN6053,"1/28/2022",CUST55437,APOTEK SINAR JAYA,Bekasi,EPM,Apotek,1,175643.6
IN6054,"2/1/2022",CUST55435,APOTEK MERDEKA,Bandung,TD,Apotek,1,95852.79999999999
IN6055,"3/13/2022",CUST55583,APOTEK MAJA,Kuningan,TD,Apotek,1,34802.8
IN6056,"4/20/2022",CUST55621,APOTEK MAJA,Kuningan,TA,Apotek,1,233750.0
IN6057,"5/17/2022",CUST55648,APOTEK SAHABAT,Padang,TA,Apotek,1,57807.0
IN6058,"1/27/2022",CUST55532,KLINIK GM,Jakarta,TD,Klinik,1,363480.4
IN6059,"6/7/2022",CUST55683,APOTEK MERDEKA,Bandung,EPM,Apotek,1,95707.70000000001
IN6060,"2/1/2022",CUST55543,APOTEK SAHABAT,Padang,TD,Apotek,1,191415.40000000002
IN6061,"2/24/2022",CUST55566,APOTEK SAHABAT,Padang,TD,Apotek,1,55105.200000000004
IN6062,"1/27/2022",CUST55490,APOTEK SINAR JAYA,Bekasi,TA,Apotek,1,14038.920000000002
IN6063,"2/1/2022",CUST55417,APOTEK TAPAK,Aceh,TD,Apotek,1,47902.8
IN6064,"1/28/2022",CUST55515,APOTEK TAPAK,Aceh,TD,Apotek,1,28192.0
IN6065,"1/23/2022",CUST55474,KLINIK SAHABAT,Tangerang,EPM,Klinik,1,22593.2
IN6066,"1/27/2022",CUST55538,APOTEK MAJA,Kuningan,EPM,Apotek,1,69368.4
IN6067,"5/1/2022",CUST55704,KLINIK GM,Jakarta,TD,Klinik,1,79076.2
IN6068,"1/31/2022",CUST55536,APOTEK SAHABAT,Padang,TD,Apotek,1,27552.600000000002
IN6069,"3/1/2022",CUST55571,KLINIK SAHABAT,Tangerang,TA,Klinik,1,9350.0
IN6070,"1/28/2022",CUST55485,APOTEK TAPAK,Aceh,TD,Apotek,1,64841.6
IN6071,"4/27/2022",CUST55636,APOTEK MAJA,Kuningan,EPM,Apotek,1,436249.50000000006
IN6072,"2/1/2022",CUST55477,APOTEK TAPAK,Aceh,EPM,Apotek,1,3991.9
IN6073,"4/27/2022",CUST55628,APOTEK MAJA,Kuningan,TA,Apotek,1,196543.8
IN6074,"1/27/2022",CUST55472,KLINIK GM,Jakarta,TD,Klinik,1,1047678.8
IN6075,"4/16/2022",CUST55638,APOTEK MERDEKA,Bandung,TA,Apotek,1,277473.6
IN6076,"3/24/2022",CUST55594,KLINIK SAHABAT,Tangerang,TA,Klinik,1,67779.6
IN6077,"5/16/2022",CUST55647,APOTEK SINAR JAYA,Bekasi,TD,Apotek,1,47902.8
IN6078,"3/30/2022",CUST55600,APOTEK MERDEKA,Bandung,TD,Apotek,1,14038.920000000002
IN6079,"1/31/2022",CUST55494,KLINIK GM,Jakarta,EPM,Klinik,1,192042.2
IN6080,"3/26/2022",CUST55596,APOTEK SAHABAT,Padang,TD,Apotek,1,64289.40000000001
IN6081,"3/19/2022",CUST55589,KLINIK DR. ANDRI,Lampung,TD,Klinik,1,173507.5
IN6082,"4/16/2022",CUST55617,APOTEK SINAR JAYA,Bekasi,TD,Apotek,1,31935.2
IN6083,"1/30/2022",CUST55487,KLINIK GM,Jakarta,EPM,Klinik,1,7983.8
IN6084,"2/1/2022",CUST55471,APOTEK MAJA,Kuningan,TD,Apotek,1,156612.5
IN6085,"3/31/2022",CUST55601,KLINIK SAHABAT,Tangerang,TA,Klinik,1,58437.5
IN6086,"1/23/2022",CUST55408,APOTEK SAHABAT,Padang,TD,Apotek,1,80929.8
IN6087,"2/18/2022",CUST55560,APOTEK TAPAK,Aceh,TA,Apotek,1,14038.920000000002
IN6088,"2/6/2022",CUST55548,APOTEK MERDEKA,Bandung,EPM,Apotek,1,57807.0
IN6089,"1/25/2022",CUST55386,APOTEK SAHABAT,Padang,EPM,Apotek,1,41328.9
IN6090,"5/24/2022",CUST55655,APOTEK SINAR JAYA,Bekasi,TA,Apotek,1,59203.2
IN6091,"6/11/2022",CUST55687,APOTEK TAPAK,Aceh,TD,Apotek,1,55886.6
IN6092,"3/14/2022",CUST55584,KLINIK GM,Jakarta,TA,Klinik,1,11296.6
IN6093,"5/29/2022",CUST55674,KLINIK GM,Jakarta,TD,Klinik,1,73427.90000000001
IN6094,"5/2/2022",CUST55710,APOTEK TAPAK,Aceh,EPM,Apotek,1,78383.97
IN6095,"1/27/2022",CUST55478,APOTEK MAJA,Kuningan,TD,Apotek,1,28903.5
IN6096,"2/19/2022",CUST55561,APOTEK MAJA,Kuningan,EPM,Apotek,1,58437.5
IN6097,"4/30/2022",CUST55718,APOTEK MAJA,Kuningan,TD,Apotek,1,578070.0
IN6098,"3/29/2022",CUST55599,KLINIK GM,Jakarta,EPM,Klinik,1,131865.7
IN6099,"1/30/2022",CUST55457,KLINIK GM,Jakarta,EPM,Klinik,1,19959.5
IN6100,"6/1/2022",CUST55677,APOTEK SINAR JAYA,Bekasi,TD,Apotek,1,35927.1
IN6101,"4/30/2022",CUST55723,APOTEK SAHABAT,Padang,EPM,Apotek,1,174014.0
IN6102,"1/31/2022",CUST55392,APOTEK SINAR JAYA,Bekasi,TA,Apotek,1,117596.6
IN6103,"1/27/2022",CUST55496,KLINIK SAHABAT,Tangerang,TA,Klinik,1,68881.5
IN6104,"1/30/2022",CUST55433,APOTEK MAJA,Kuningan,EPM,Apotek,1,391531.50000000006
IN6105,"5/2/2022",CUST55700,APOTEK SINAR JAYA,Bekasi,EPM,Apotek,1,24568.11
IN6106,"4/30/2022",CUST55713,APOTEK MERDEKA,Bandung,EPM,Apotek,1,34802.8
IN6107,"1/30/2022",CUST55511,KLINIK SAHABAT,Tangerang,EPM,Klinik,1,56100.0
IN6108,"1/30/2022",CUST55409,KLINIK DR. ANDRI,Lampung,TA,Klinik,1,145746.30000000002
IN6109,"6/16/2022",CUST55702,APOTEK TAPAK,Aceh,TA,Apotek,1,128287.20000000001
IN6110,"3/6/2022",CUST55576,APOTEK MAJA,Kuningan,TD,Apotek,1,41328.9
IN6111,"5/26/2022",CUST55657,APOTEK TAPAK,Aceh,TD,Apotek,1,47902.8
IN6112,"5/3/2022",CUST55726,APOTEK MAJA,Kuningan,TA,Apotek,1,156131.40000000002
IN6113,"1/27/2022",CUST55400,APOTEK SINAR JAYA,Bekasi,TD,Apotek,1,14038.920000000002
IN6114,"2/27/2022",CUST55569,KLINIK GM,Jakarta,TD,Klinik,1,680149.4
IN6115,"5/3/2022",CUST55716,APOTEK SAHABAT,Padang,TA,Apotek,1,45921.0
IN6116,"1/28/2022",CUST55455,APOTEK TAPAK,Aceh,TD,Apotek,1,188886.4
IN6117,"5/22/2022",CUST55667,KLINIK GM,Jakarta,TD,Klinik,1,19959.5
IN6118,"1/27/2022",CUST55502,KLINIK GM,Jakarta,TD,Klinik,1,203121.4
IN6119,"1/28/2022",CUST55449,KLINIK GM,Jakarta,TA,Klinik,1,97164.2
IN6120,"2/1/2022",CUST55465,APOTEK MERDEKA,Bandung,TD,Apotek,1,39468.799999999996
IN6121,"5/21/2022",CUST55666,APOTEK MAJA,Kuningan,EPM,Apotek,1,450025.80000000005
IN6122,"1/30/2022",CUST55445,APOTEK SINAR JAYA,Bekasi,TD,Apotek,1,59203.2
IN6123,"6/16/2022",CUST55697,KLINIK GM,Jakarta,TD,Klinik,1,47902.8
IN6124,"1/27/2022",CUST55442,KLINIK GM,Jakarta,TA,Klinik,1,1015607.0
IN6125,"1/23/2022",CUST55402,APOTEK TAPAK,Aceh,TA,Apotek,1,149668.4
IN6126,"4/23/2022",CUST55624,KLINIK SAHABAT,Tangerang,TD,Klinik,1,254173.5
IN6127,"4/24/2022",CUST55625,APOTEK SINAR JAYA,Bekasi,TA,Apotek,1,95852.79999999999
IN6128,"2/1/2022",CUST55537,APOTEK TAPAK,Aceh,TA,Apotek,1,315360.10000000003
IN6129,"2/14/2022",CUST55556,KLINIK SAHABAT,Tangerang,TD,Klinik,1,36736.8
IN6130,"1/31/2022",CUST55518,APOTEK MERDEKA,Bandung,EPM,Apotek,1,28903.5
IN6131,"1/27/2022",CUST55418,APOTEK MAJA,Kuningan,TD,Apotek,1,57807.0
IN6132,"4/30/2022",CUST55708,APOTEK SAHABAT,Padang,TD,Apotek,1,69368.4
IN6133,"2/1/2022",CUST55429,KLINIK SAHABAT,Tangerang,TA,Klinik,1,541343.4
IN6134,"2/1/2022",CUST55441,APOTEK MAJA,Kuningan,TD,Apotek,1,28050.0
IN6135,"2/8/2022",CUST55550,APOTEK SINAR JAYA,Bekasi,TA,Apotek,1,14038.920000000002
IN6136,"1/27/2022",CUST55526,KLINIK SAHABAT,Tangerang,TD,Klinik,1,358183.80000000005
IN6137,"3/3/2022",CUST55573,APOTEK SAHABAT,Padang,TD,Apotek,1,78306.3
IN6138,"4/18/2022",CUST55661,KLINIK SAHABAT,Tangerang,TD,Klinik,1,23375.0
IN6139,"4/22/2022",CUST55623,APOTEK MERDEKA,Bandung,TD,Apotek,1,678654.6000000001
IN6140,"3/25/2022",CUST55595,APOTEK SINAR JAYA,Bekasi,EPM,Apotek,1,70480.0
IN6141,"1/28/2022",CUST55401,APOTEK SAHABAT,Padang,TD,Apotek,1,58437.5
IN6142,"5/1/2022",CUST55724,KLINIK DR. ANDRI,Lampung,TD,Klinik,1,254173.5
IN6143,"5/2/2022",CUST55705,APOTEK MERDEKA,Bandung,TD,Apotek,1,67660.79999999999
IN6144,"1/22/2022",CUST55383,APOTEK MERDEKA,Bandung,EPM,Apotek,1,113109.1
IN6145,"4/20/2022",CUST55642,APOTEK TAPAK,Aceh,EPM,Apotek,1,267265.0
IN6146,"1/27/2022",CUST55412,KLINIK GM,Jakarta,TA,Klinik,1,267265.0
IN6147,"2/13/2022",CUST55555,APOTEK MERDEKA,Bandung,EPM,Apotek,1,11276.8
IN6148,"1/31/2022",CUST55476,APOTEK SAHABAT,Padang,TA,Apotek,1,41328.9
IN6149,"3/20/2022",CUST55590,APOTEK TAPAK,Aceh,TD,Apotek,1,16378.740000000002
IN6150,"5/20/2022",CUST55651,APOTEK MAJA,Kuningan,TD,Apotek,1,11687.5
IN6151,"5/2/2022",CUST55720,APOTEK MERDEKA,Bandung,EPM,Apotek,1,91252.98000000001
IN6152,"1/31/2022",CUST55512,APOTEK SINAR JAYA,Bekasi,TD,Apotek,1,106906.0
IN6153,"3/27/2022",CUST55597,APOTEK TAPAK,Aceh,TD,Apotek,1,71854.2
IN6154,"4/19/2022",CUST55641,APOTEK SAHABAT,Padang,TA,Apotek,1,28050.0
IN6155,"1/21/2022",CUST55382,KLINIK GM,Jakarta,TA,Klinik,1,96215.40000000001
IN6156,"4/7/2022",CUST55608,APOTEK MERDEKA,Bandung,TA,Apotek,1,138736.8
IN6157,"4/12/2022",CUST55613,APOTEK MAJA,Kuningan,TD,Apotek,1,582946.9
IN6158,"5/1/2022",CUST55699,KLINIK SAHABAT,Tangerang,TA,Klinik,1,97164.2
IN6159,"6/13/2022",CUST55689,KLINIK GM,Jakarta,TA,Klinik,1,465000.10000000003
IN6160,"5/27/2022",CUST55672,APOTEK TAPAK,Aceh,TA,Apotek,1,53453.0
IN6161,"1/27/2022",CUST55466,KLINIK SAHABAT,Tangerang,TA,Klinik,1,110210.40000000001
IN6162,"1/28/2022",CUST55503,APOTEK MERDEKA,Bandung,TA,Apotek,1,104408.40000000001
IN6163,"1/30/2022",CUST55421,KLINIK SAHABAT,Tangerang,TD,Klinik,1,11687.5
IN6164,"3/8/2022",CUST55578,APOTEK MERDEKA,Bandung,EPM,Apotek,1,5780.7
IN6165,"6/16/2022",CUST55722,APOTEK SINAR JAYA,Bekasi,TA,Apotek,1,363480.4
IN6166,"5/30/2022",CUST55675,APOTEK MERDEKA,Bandung,TA,Apotek,1,2819.2
IN6167,"1/28/2022",CUST55491,APOTEK SAHABAT,Padang,EPM,Apotek,1,28050.0
IN6168,"5/13/2022",CUST55644,KLINIK GM,Jakarta,TD,Klinik,1,135559.2
IN6169,"5/20/2022",CUST55665,APOTEK TAPAK,Aceh,TA,Apotek,1,188886.4
IN6170,"1/30/2022",CUST55505,APOTEK SINAR JAYA,Bekasi,TD,Apotek,1,39468.799999999996
IN6171,"2/3/2022",CUST55545,APOTEK TAPAK,Aceh,EPM,Apotek,1,70480.0
IN6172,"1/28/2022",CUST55497,APOTEK SINAR JAYA,Bekasi,EPM,Apotek,1,47902.8
IN6173,"1/27/2022",CUST55406,KLINIK SAHABAT,Tangerang,EPM,Klinik,1,55105.200000000004
IN6174,"4/17/2022",CUST55618,APOTEK SAHABAT,Padang,TA,Apotek,1,52026.299999999996
IN6175,"1/31/2022",CUST55404,KLINIK GM,Jakarta,TD,Klinik,1,101669.40000000001
IN6176,"1/30/2022",CUST55403,APOTEK MAJA,Kuningan,EPM,Apotek,1,156612.6
IN6177,"3/15/2022",CUST55585,APOTEK MERDEKA,Bandung,EPM,Apotek,1,47926.399999999994
IN6178,"5/2/2022",CUST55695,APOTEK TAPAK,Aceh,TA,Apotek,1,50745.6
IN6179,"5/24/2022",CUST55669,KLINIK SAHABAT,Tangerang,EPM,Klinik,1,55522.4
IN6180,"4/13/2022",CUST55614,KLINIK GM,Jakarta,TA,Klinik,1,553533.4
IN6181,"2/7/2022",CUST55549,KLINIK SAHABAT,Tangerang,TD,Klinik,1,902239.0
IN6182,"3/7/2022",CUST55577,KLINIK GM,Jakarta,TA,Klinik,1,51894.700000000004
IN6183,"1/23/2022",CUST55498,APOTEK SAHABAT,Padang,TD,Apotek,1,144517.5
IN6184,"1/28/2022",CUST55395,APOTEK TAPAK,Aceh,TA,Apotek,1,70480.0
IN6185,"2/1/2022",CUST55483,APOTEK SAHABAT,Padang,TA,Apotek,1,78306.3
IN6186,"1/31/2022",CUST55500,APOTEK TAPAK,Aceh,TA,Apotek,1,21058.38
IN6187,"4/5/2022",CUST55606,APOTEK MAJA,Kuningan,TD,Apotek,1,114802.50000000001
IN6188,"1/27/2022",CUST55454,KLINIK DR. ANDRI,Lampung,TD,Klinik,1,56483.0
IN6189,"3/4/2022",CUST55574,KLINIK DR. ANDRI,Lampung,TA,Klinik,1,5648.3
IN6190,"1/23/2022",CUST55390,APOTEK MERDEKA,Bandung,TD,Apotek,1,2339.82
IN6191,"1/31/2022",CUST55422,APOTEK SINAR JAYA,Bekasi,TA,Apotek,1,42762.4
IN6192,"5/14/2022",CUST55645,APOTEK MERDEKA,Bandung,TA,Apotek,1,28192.0
IN6193,"3/18/2022",CUST55588,APOTEK SAHABAT,Padang,EPM,Apotek,1,69368.4
IN6194,"4/18/2022",CUST55658,APOTEK MAJA,Kuningan,TA,Apotek,1,144517.5
IN6195,"1/31/2022",CUST55398,APOTEK MERDEKA,Bandung,TA,Apotek,1,387306.89999999997
IN6196,"1/31/2022",CUST55530,APOTEK TAPAK,Aceh,TA,Apotek,1,52645.950000000004
IN6197,"4/29/2022",CUST55630,APOTEK MERDEKA,Bandung,TD,Apotek,1,39776.94
IN6198,"6/4/2022",CUST55680,APOTEK TAPAK,Aceh,EPM,Apotek,1,4679.64
IN6199,"1/28/2022",CUST55509,KLINIK GM,Jakarta,TD,Klinik,1,173507.5
IN6200,"1/28/2022",CUST55473,APOTEK MERDEKA,Bandung,TA,Apotek,1,43503.5
IN6201,"5/23/2022",CUST55668,APOTEK MERDEKA,Bandung,TA,Apotek,1,23122.8
IN6202,"1/23/2022",CUST55528,APOTEK SAHABAT,Padang,EPM,Apotek,1,196543.8
IN6203,"1/31/2022",CUST55524,KLINIK GM,Jakarta,EPM,Klinik,1,564830.0
IN6204,"6/16/2022",CUST55727,KLINIK GM,Jakarta,EPM,Klinik,1,135724.6
IN6205,"1/27/2022",CUST55520,APOTEK SINAR JAYA,Bekasi,TA,Apotek,1,9359.28
IN6206,"3/12/2022",CUST55582,APOTEK TAPAK,Aceh,EPM,Apotek,1,245883.80000000002
IN6207,"4/4/2022",CUST55605,APOTEK TAPAK,Aceh,EPM,Apotek,1,33830.399999999994
IN6208,"1/30/2022",CUST55475,APOTEK SINAR JAYA,Bekasi,TD,Apotek,1,22553.6
IN6209,"3/16/2022",CUST55586,KLINIK SAHABAT,Tangerang,TD,Klinik,1,50513.100000000006
IN6210,"1/23/2022",CUST55486,APOTEK MAJA,Kuningan,TA,Apotek,1,18368.4
IN6211,"2/1/2022",CUST55501,APOTEK MAJA,Kuningan,EPM,Apotek,1,42075.0
IN6212,"6/5/2022",CUST55681,APOTEK MAJA,Kuningan,TD,Apotek,1,4675.0
IN6213,"5/3/2022",CUST55701,APOTEK SAHABAT,Padang,TD,Apotek,1,51425.0
IN6214,"1/28/2022",CUST55461,APOTEK SAHABAT,Padang,TD,Apotek,1,49087.5
IN6215,"1/23/2022",CUST55510,APOTEK MERDEKA,Bandung,TA,Apotek,1,16378.740000000002
IN6216,"1/23/2022",CUST55456,APOTEK MAJA,Kuningan,TA,Apotek,1,450025.80000000005
IN6217,"1/23/2022",CUST55438,APOTEK SAHABAT,Padang,TD,Apotek,1,28903.5
IN6218,"4/17/2022",CUST55639,KLINIK SAHABAT,Tangerang,EPM,Klinik,1,145746.30000000002
IN6219,"1/27/2022",CUST55436,KLINIK SAHABAT,Tangerang,TA,Klinik,1,156131.40000000002
IN6220,"1/23/2022",CUST55444,KLINIK SAHABAT,Tangerang,TD,Klinik,1,271118.4
IN6221,"1/23/2022",CUST55504,KLINIK SAHABAT,Tangerang,EPM,Klinik,1,141207.5
IN6222,"6/2/2022",CUST55678,APOTEK SAHABAT,Padang,TD,Apotek,1,5780.7
IN6223,"5/2/2022",CUST55633,APOTEK SAHABAT,Padang,TD,Apotek,1,52204.200000000004
IN6224,"2/17/2022",CUST55559,KLINIK DR. ANDRI,Lampung,TD,Klinik,1,152686.6
IN6225,"4/30/2022",CUST55631,KLINIK SAHABAT,Tangerang,TA,Klinik,1,102850.0
IN6226,"1/31/2022",CUST55416,APOTEK SAHABAT,Padang,EPM,Apotek,1,105618.3
IN6227,"4/10/2022",CUST55611,APOTEK SAHABAT,Padang,TA,Apotek,1,28050.0
IN6228,"1/27/2022",CUST55508,APOTEK MAJA,Kuningan,TD,Apotek,1,69368.4
IN6229,"3/5/2022",CUST55575,APOTEK TAPAK,Aceh,EPM,Apotek,1,14096.0
IN6230,"1/28/2022",CUST55413,APOTEK MERDEKA,Bandung,EPM,Apotek,1,121809.80000000002
IN6231,"2/21/2022",CUST55563,APOTEK MERDEKA,Bandung,TD,Apotek,1,208816.80000000002
IN6232,"4/8/2022",CUST55609,KLINIK SAHABAT,Tangerang,EPM,Klinik,1,69403.0
IN6233,"1/23/2022",CUST55450,APOTEK MERDEKA,Bandung,EPM,Apotek,1,28077.840000000004
IN6234,"2/10/2022",CUST55552,APOTEK TAPAK,Aceh,TD,Apotek,1,716270.2000000001
IN6235,"1/30/2022",CUST55451,KLINIK SAHABAT,Tangerang,TD,Klinik,1,23375.0
IN6236,"6/8/2022",CUST55684,KLINIK SAHABAT,Tangerang,TD,Klinik,1,67779.6
IN6237,"4/18/2022",CUST55619,KLINIK DR. ANDRI,Lampung,EPM,Klinik,1,69403.0
IN6238,"1/27/2022",CUST55460,APOTEK SINAR JAYA,Bekasi,EPM,Apotek,1,10529.19
IN6239,"3/2/2022",CUST55572,APOTEK SINAR JAYA,Bekasi,EPM,Apotek,1,85524.8
IN6240,"1/30/2022",CUST55541,KLINIK SAHABAT,Tangerang,EPM,Klinik,1,112200.0
IN6241,"1/31/2022",CUST55440,APOTEK TAPAK,Aceh,EPM,Apotek,1,92422.89
IN6242,"1/23/2022",CUST55534,KLINIK SAHABAT,Tangerang,EPM,Klinik,1,248525.2
IN6243,"2/1/2022",CUST55525,APOTEK MERDEKA,Bandung,TD,Apotek,1,188886.4
IN6244,"1/31/2022",CUST55542,APOTEK SINAR JAYA,Bekasi,TD,Apotek,1,224502.6
IN6245,"1/30/2022",CUST55397,KLINIK GM,Jakarta,TD,Klinik,1,135724.6
IN6246,"1/28/2022",CUST55533,APOTEK MERDEKA,Bandung,TA,Apotek,1,295823.80000000005
IN6247,"1/28/2022",CUST55425,APOTEK TAPAK,Aceh,TA,Apotek,1,28192.0
IN6248,"1/30/2022",CUST55427,KLINIK GM,Jakarta,TD,Klinik,1,399190.0
IN6249,"4/30/2022",CUST55703,APOTEK MAJA,Kuningan,EPM,Apotek,1,217517.50000000003
IN6250,"3/17/2022",CUST55587,APOTEK SINAR JAYA,Bekasi,TA,Apotek,1,47902.8
IN6251,"1/23/2022",CUST55387,APOTEK TAPAK,Aceh,TD,Apotek,1,3991.9
IN6252,"5/18/2022",CUST55649,KLINIK DR. ANDRI,Lampung,EPM,Klinik,1,465000.10000000003
IN6253,"1/28/2022",CUST55431,APOTEK SAHABAT,Padang,TD,Apotek,1,79475.0
IN6254,"2/2/2022",CUST55544,KLINIK DR. ANDRI,Lampung,TA,Klinik,1,67779.6
IN6255,"1/31/2022",CUST55446,APOTEK SAHABAT,Padang,TA,Apotek,1,101026.20000000001
IN6256,"1/30/2022",CUST55463,APOTEK MAJA,Kuningan,TA,Apotek,1,104408.40000000001
IN6257,"4/14/2022",CUST55615,APOTEK MERDEKA,Bandung,EPM,Apotek,1,14096.0
IN6258,"1/27/2022",CUST55484,KLINIK DR. ANDRI,Lampung,EPM,Klinik,1,5648.3
IN6259,"2/1/2022",CUST55405,APOTEK MERDEKA,Bandung,TA,Apotek,1,53564.799999999996
IN6260,"2/22/2022",CUST55564,KLINIK SAHABAT,Tangerang,TA,Klinik,1,56483.0
IN6261,"2/5/2022",CUST55547,KLINIK GM,Jakarta,TA,Klinik,1,95805.6
IN6262,"1/28/2022",CUST55419,KLINIK GM,Jakarta,TA,Klinik,1,465000.10000000003
IN6263,"1/31/2022",CUST55452,APOTEK SINAR JAYA,Bekasi,TA,Apotek,1,1389778.0
IN6264,"6/14/2022",CUST55690,APOTEK MERDEKA,Bandung,EPM,Apotek,1,17548.65
IN6265,"4/30/2022",CUST55698,APOTEK MERDEKA,Bandung,TD,Apotek,1,144517.5
IN6266,"2/1/2022",CUST55531,APOTEK MAJA,Kuningan,EPM,Apotek,1,79475.0
IN6267,"2/1/2022",CUST55459,KLINIK SAHABAT,Tangerang,TA,Klinik,1,55522.4
IN6268,"6/16/2022",CUST55692,APOTEK SINAR JAYA,Bekasi,TA,Apotek,1,267265.0
IN6269,"2/1/2022",CUST55453,APOTEK SAHABAT,Padang,EPM,Apotek,1,104408.40000000001
IN6270,"5/3/2022",CUST55696,APOTEK MAJA,Kuningan,EPM,Apotek,1,87249.90000000001
IN6271,"4/3/2022",CUST55604,KLINIK DR. ANDRI,Lampung,TA,Klinik,1,124262.6
IN6272,"5/19/2022",CUST55650,APOTEK TAPAK,Aceh,TD,Apotek,1,114651.18000000001
IN6273,"5/3/2022",CUST55634,KLINIK DR. ANDRI,Lampung,TD,Klinik,1,446215.7
IN6274,"2/1/2022",CUST55423,APOTEK SAHABAT,Padang,EPM,Apotek,1,69605.6
IN6275,"2/26/2022",CUST55568,APOTEK MAJA,Kuningan,EPM,Apotek,1,387306.89999999997
IN6276,"1/30/2022",CUST55481,KLINIK SAHABAT,Tangerang,TD,Klinik,1,2337.5
IN6277,"4/28/2022",CUST55629,KLINIK GM,Jakarta,EPM,Klinik,1,235970.2
IN6278,"1/30/2022",CUST55499,KLINIK DR. ANDRI,Lampung,TD,Klinik,1,97164.2
IN6279,"1/30/2022",CUST55529,KLINIK DR. ANDRI,Lampung,TD,Klinik,1,138806.0
IN6280,"1/23/2022",CUST55384,KLINIK SAHABAT,Tangerang,TD,Klinik,1,5648.3
IN6281,"1/30/2022",CUST55415,APOTEK SINAR JAYA,Bekasi,TA,Apotek,1,28192.0
IN6282,"5/28/2022",CUST55673,APOTEK MAJA,Kuningan,EPM,Apotek,1,78306.3
IN6283,"5/19/2022",CUST55664,KLINIK DR. ANDRI,Lampung,TD,Klinik,1,56483.0
IN6284,"1/23/2022",CUST55540,APOTEK MERDEKA,Bandung,TA,Apotek,1,88913.16
IN6285,"5/15/2022",CUST55646,KLINIK SAHABAT,Tangerang,EPM,Klinik,1,596973.0
IN6286,"1/23/2022",CUST55468,APOTEK SAHABAT,Padang,TD,Apotek,1,693684.0
IN6287,"1/30/2022",CUST55391,KLINIK SAHABAT,Tangerang,TD,Klinik,1,39737.5
IN6288,"6/6/2022",CUST55682,KLINIK GM,Jakarta,TA,Klinik,1,181740.2
IN6289,"1/23/2022",CUST55492,APOTEK TAPAK,Aceh,TD,Apotek,1,267265.0
IN6290,"3/22/2022",CUST55592,KLINIK GM,Jakarta,EPM,Klinik,1,716270.2000000001
IN6291,"2/1/2022",CUST55489,KLINIK SAHABAT,Tangerang,TD,Klinik,1,76343.3
IN6292,"1/28/2022",CUST55467,APOTEK SINAR JAYA,Bekasi,EPM,Apotek,1,39919.0
IN6293,"2/1/2022",CUST55519,KLINIK SAHABAT,Tangerang,TD,Klinik,1,27761.2
IN6294,"5/3/2022",CUST55711,APOTEK MAJA,Kuningan,TD,Apotek,1,229075.0
IN6295,"5/22/2022",CUST55653,APOTEK MERDEKA,Bandung,EPM,Apotek,1,69605.6
IN6296,"6/9/2022",CUST55685,APOTEK SINAR JAYA,Bekasi,TA,Apotek,1,33830.399999999994
IN6297,"1/20/2022",CUST55381,APOTEK MAJA,Kuningan,TD,Apotek,1,11687.5
IN6298,"5/21/2022",CUST55652,KLINIK GM,Jakarta,TA,Klinik,1,42762.4
IN6299,"1/27/2022",CUST55514,KLINIK DR. ANDRI,Lampung,EPM,Klinik,1,67779.6
IN6300,"2/1/2022",CUST55507,APOTEK TAPAK,Aceh,EPM,Apotek,1,87821.8
IN6301,"2/1/2022",CUST55393,APOTEK SAHABAT,Padang,EPM,Apotek,1,104408.40000000001
IN6302,"2/23/2022",CUST55565,APOTEK SINAR JAYA,Bekasi,EPM,Apotek,1,338304.0
IN6303,"1/28/2022",CUST55539,KLINIK GM,Jakarta,TD,Klinik,1,659328.5
IN6304,"4/30/2022",CUST55728,APOTEK MERDEKA,Bandung,TD,Apotek,1,254350.8
IN6305,"1/30/2022",CUST55493,APOTEK MAJA,Kuningan,TA,Apotek,1,121809.80000000002
IN6306,"1/27/2022",CUST55430,APOTEK SINAR JAYA,Bekasi,EPM,Apotek,1,52645.950000000004
IN6307,"1/23/2022",CUST55396,APOTEK MAJA,Kuningan,EPM,Apotek,1,64289.40000000001
IN6308,"1/23/2022",CUST55516,APOTEK MAJA,Kuningan,TD,Apotek,1,307670.7
IN6309,"4/26/2022",CUST55627,APOTEK TAPAK,Aceh,TD,Apotek,1,179635.5
IN6310,"4/30/2022",CUST55693,APOTEK SAHABAT,Padang,EPM,Apotek,1,121809.80000000002
IN6311,"1/23/2022",CUST55426,APOTEK MAJA,Kuningan,EPM,Apotek,1,32144.700000000004
IN6312,"5/2/2022",CUST55725,APOTEK TAPAK,Aceh,TD,Apotek,1,95852.79999999999
IN6313,"4/20/2022",CUST55660,APOTEK MERDEKA,Bandung,TD,Apotek,1,28077.840000000004
IN6314,"1/28/2022",CUST55527,APOTEK SINAR JAYA,Bekasi,TA,Apotek,1,179635.5
IN6315,"4/21/2022",CUST55643,APOTEK MAJA,Kuningan,TD,Apotek,1,121809.80000000002
IN6316,"4/19/2022",CUST55662,APOTEK SINAR JAYA,Bekasi,TA,Apotek,1,1282872.0
IN6317,"1/23/2022",CUST55522,APOTEK TAPAK,Aceh,TD,Apotek,1,106906.0
IN6318,"1/23/2022",CUST55462,APOTEK TAPAK,Aceh,TD,Apotek,1,235193.2
IN6319,"2/11/2022",CUST55553,APOTEK MAJA,Kuningan,TD,Apotek,1,852668.6000000001
IN6320,"2/1/2022",CUST55495,APOTEK MERDEKA,Bandung,TD,Apotek,1,188886.4
IN6321,"1/31/2022",CUST55410,APOTEK TAPAK,Aceh,EPM,Apotek,1,25738.02
IN6322,"1/31/2022",CUST55488,APOTEK MERDEKA,Bandung,TD,Apotek,1,98271.9
IN6323,"1/30/2022",CUST55439,KLINIK DR. ANDRI,Lampung,TA,Klinik,1,41641.8
IN6324,"6/10/2022",CUST55686,APOTEK SAHABAT,Padang,EPM,Apotek,1,114802.50000000001
IN6325,"1/28/2022",CUST55521,APOTEK SAHABAT,Padang,EPM,Apotek,1,21037.5
IN6326,"1/31/2022",CUST55458,APOTEK MERDEKA,Bandung,TD,Apotek,1,23122.8
IN6327,"1/27/2022",CUST55448,APOTEK MAJA,Kuningan,TD,Apotek,1,144517.5
