"id_penjualan","tanggal","id_invoice","id_barang","nama_barang","harga","jumlah_barang","unit","total_harga_barang","mata_uang","id_brand","nama_brand","id_customer","nama_customer","cabang_sales","id_distributor","group_category"
IN5997_CUST55380,"1/20/2022",IN5997,BRG0001,ACYCLOVIR DUS,1169.91,1,DUS,1169.91,IDR,BRND001,OGB & PH,CUST55380,APOTEK TAPAK,Aceh,TD,Apotek
IN6297_CUST55381,"1/20/2022",IN6297,BRG0002,ALERGINE TABLET SALUT,2337.5,5,DUS,11687.5,IDR,BRND002,ETIKAL,CUST55381,APOTEK MAJA,Kuningan,TD,Apotek
IN6155_CUST55382,"1/21/2022",IN6155,BRG0003,AMPICILLIN,10690.6,9,DUS,96215.40000000001,IDR,BRND003,MARCKS,CUST55382,KLINIK GM,Jakarta,TA,Klinik
IN6144_CUST55383,"1/22/2022",IN6144,BRG0004,TRAMADOL KAPSUL 50 MG,8700.7,13,DUS,113109.1,IDR,BRND004,VNS,CUST55383,APOTEK MERDEKA,Bandung,EPM,Apotek
IN6280_CUST55384,"1/23/2022",IN6280,BRG0005,KLORPROMAZINA TABLET SALUT SELAPUT 100 MG,5648.3,1,DUS,5648.3,IDR,BRND005,SLCYL,CUST55384,KLINIK SAHABAT,Tangerang,TD,Klinik
IN6052_CUST55385,"1/23/2022",IN6052,BRG0006,KETOCONAZOLE TABLET 200 MG,2819.2,5,DUS,14096.0,IDR,BRND006,OGB & PH,CUST55385,APOTEK SINAR JAYA,Bekasi,TA,Apotek
IN6089_CUST55386,"1/25/2022",IN6089,BRG0007,ERGOTAMINE COFFEINE,4592.1,9,DUS,41328.9,IDR,BRND007,ETIKAL,CUST55386,APOTEK SAHABAT,Padang,EPM,Apotek
IN6251_CUST55387,"1/23/2022",IN6251,BRG0008,TETRACYCLINE KAPSUL 250 MG,3991.9,1,DUS,3991.9,IDR,BRND008,MARCKS,CUST55387,APOTEK TAPAK,Aceh,TD,Apotek
IN6036_CUST55388,"1/27/2022",IN6036,BRG0009,AMBROXOL HC,5780.7,23,DUS,132956.1,IDR,BRND009,VNS,CUST55388,APOTEK MAJA,Kuningan,TA,Apotek
IN6029_CUST55389,"1/28/2022",IN6029,BRG0010,PARACETAMOL,6940.3,4,DUS,27761.2,IDR,BRND010,SLCYL,CUST55389,KLINIK GM,Jakarta,EPM,Klinik
IN6190_CUST55390,"1/23/2022",IN6190,BRG0001,ACYCLOVIR DUS,1169.91,2,DUS,2339.82,IDR,BRND001,OGB & PH,CUST55390,APOTEK MERDEKA,Bandung,TD,Apotek
IN6287_CUST55391,"1/30/2022",IN6287,BRG0002,ALERGINE TABLET SALUT,2337.5,17,DUS,39737.5,IDR,BRND002,ETIKAL,CUST55391,KLINIK SAHABAT,Tangerang,TD,Klinik
IN6102_CUST55392,"1/31/2022",IN6102,BRG0003,AMPICILLIN,10690.6,11,DUS,117596.6,IDR,BRND003,MARCKS,CUST55392,APOTEK SINAR JAYA,Bekasi,TA,Apotek
IN6301_CUST55393,"2/1/2022",IN6301,BRG0004,TRAMADOL KAPSUL 50 MG,8700.7,12,DUS,104408.40000000001,IDR,BRND004,VNS,CUST55393,APOTEK SAHABAT,Padang,EPM,Apotek
IN6024_CUST55394,"1/27/2022",IN6024,BRG0005,KLORPROMAZINA TABLET SALUT SELAPUT 100 MG,5648.3,12,DUS,67779.6,IDR,BRND005,SLCYL,CUST55394,KLINIK DR. ANDRI,Lampung,TD,Klinik
IN6184_CUST55395,"1/28/2022",IN6184,BRG0006,KETOCONAZOLE TABLET 200 MG,2819.2,25,DUS,70480.0,IDR,BRND006,OGB & PH,CUST55395,APOTEK TAPAK,Aceh,TA,Apotek
IN6307_CUST55396,"1/23/2022",IN6307,BRG0007,ERGOTAMINE COFFEINE,4592.1,14,DUS,64289.40000000001,IDR,BRND007,ETIKAL,CUST55396,APOTEK MAJA,Kuningan,EPM,Apotek
IN6245_CUST55397,"1/30/2022",IN6245,BRG0008,TETRACYCLINE KAPSUL 250 MG,3991.9,34,DUS,135724.6,IDR,BRND008,MARCKS,CUST55397,KLINIK GM,Jakarta,TD,Klinik
IN6195_CUST55398,"1/31/2022",IN6195,BRG0009,AMBROXOL HC,5780.7,67,DUS,387306.89999999997,IDR,BRND009,VNS,CUST55398,APOTEK MERDEKA,Bandung,TA,Apotek
IN6023_CUST55399,"2/1/2022",IN6023,BRG0010,PARACETAMOL,6940.3,15,DUS,104104.5,IDR,BRND010,SLCYL,CUST55399,KLINIK SAHABAT,Tangerang,EPM,Klinik
IN6113_CUST55400,"1/27/2022",IN6113,BRG0001,ACYCLOVIR DUS,1169.91,12,DUS,14038.920000000002,IDR,BRND001,OGB & PH,CUST55400,APOTEK SINAR JAYA,Bekasi,TD,Apotek
IN6141_CUST55401,"1/28/2022",IN6141,BRG0002,ALERGINE TABLET SALUT,2337.5,25,DUS,58437.5,IDR,BRND002,ETIKAL,CUST55401,APOTEK SAHABAT,Padang,TD,Apotek
IN6125_CUST55402,"1/23/2022",IN6125,BRG0003,AMPICILLIN,10690.6,14,DUS,149668.4,IDR,BRND003,MARCKS,CUST55402,APOTEK TAPAK,Aceh,TA,Apotek
IN6176_CUST55403,"1/30/2022",IN6176,BRG0004,TRAMADOL KAPSUL 50 MG,8700.7,18,DUS,156612.6,IDR,BRND004,VNS,CUST55403,APOTEK MAJA,Kuningan,EPM,Apotek
IN6175_CUST55404,"1/31/2022",IN6175,BRG0005,KLORPROMAZINA TABLET SALUT SELAPUT 100 MG,5648.3,18,DUS,101669.40000000001,IDR,BRND005,SLCYL,CUST55404,KLINIK GM,Jakarta,TD,Klinik
IN6259_CUST55405,"2/1/2022",IN6259,BRG0006,KETOCONAZOLE TABLET 200 MG,2819.2,19,DUS,53564.799999999996,IDR,BRND006,OGB & PH,CUST55405,APOTEK MERDEKA,Bandung,TA,Apotek
IN6173_CUST55406,"1/27/2022",IN6173,BRG0001,ACYCLOVIR DUS,4592.1,12,DUS,55105.200000000004,IDR,BRND007,OGB & PH,CUST55406,KLINIK SAHABAT,Tangerang,EPM,Klinik
IN6013_CUST55407,"1/28/2022",IN6013,BRG0002,ALERGINE TABLET SALUT,3991.9,25,DUS,99797.5,IDR,BRND008,ETIKAL,CUST55407,APOTEK SINAR JAYA,Bekasi,TD,Apotek
IN6086_CUST55408,"1/23/2022",IN6086,BRG0003,AMPICILLIN,5780.7,14,DUS,80929.8,IDR,BRND009,MARCKS,CUST55408,APOTEK SAHABAT,Padang,TD,Apotek
IN6108_CUST55409,"1/30/2022",IN6108,BRG0004,TRAMADOL KAPSUL 50 MG,6940.3,21,DUS,145746.30000000002,IDR,BRND010,VNS,CUST55409,KLINIK DR. ANDRI,Lampung,TA,Klinik
IN6321_CUST55410,"1/31/2022",IN6321,BRG0001,ACYCLOVIR DUS,1169.91,22,DUS,25738.02,IDR,BRND001,OGB & PH,CUST55410,APOTEK TAPAK,Aceh,EPM,Apotek
IN5994_CUST55411,"2/1/2022",IN5994,BRG0002,ALERGINE TABLET SALUT,2337.5,12,DUS,28050.0,IDR,BRND002,ETIKAL,CUST55411,APOTEK MAJA,Kuningan,TD,Apotek
IN6146_CUST55412,"1/27/2022",IN6146,BRG0003,AMPICILLIN,10690.6,25,DUS,267265.0,IDR,BRND003,MARCKS,CUST55412,KLINIK GM,Jakarta,TA,Klinik
IN6230_CUST55413,"1/28/2022",IN6230,BRG0004,TRAMADOL KAPSUL 50 MG,8700.7,14,DUS,121809.80000000002,IDR,BRND004,VNS,CUST55413,APOTEK MERDEKA,Bandung,EPM,Apotek
IN5991_CUST55414,"1/23/2022",IN5991,BRG0005,KLORPROMAZINA TABLET SALUT SELAPUT 100 MG,5648.3,24,DUS,135559.2,IDR,BRND005,SLCYL,CUST55414,KLINIK SAHABAT,Tangerang,TD,Klinik
IN6281_CUST55415,"1/30/2022",IN6281,BRG0006,KETOCONAZOLE TABLET 200 MG,2819.2,10,DUS,28192.0,IDR,BRND006,OGB & PH,CUST55415,APOTEK SINAR JAYA,Bekasi,TA,Apotek
IN6226_CUST55416,"1/31/2022",IN6226,BRG0007,ERGOTAMINE COFFEINE,4592.1,23,DUS,105618.3,IDR,BRND007,ETIKAL,CUST55416,APOTEK SAHABAT,Padang,EPM,Apotek
IN6063_CUST55417,"2/1/2022",IN6063,BRG0008,TETRACYCLINE KAPSUL 250 MG,3991.9,12,DUS,47902.8,IDR,BRND008,MARCKS,CUST55417,APOTEK TAPAK,Aceh,TD,Apotek
IN6131_CUST55418,"1/27/2022",IN6131,BRG0009,AMBROXOL HC,5780.7,10,DUS,57807.0,IDR,BRND009,VNS,CUST55418,APOTEK MAJA,Kuningan,TD,Apotek
IN6262_CUST55419,"1/28/2022",IN6262,BRG0010,PARACETAMOL,6940.3,67,DUS,465000.10000000003,IDR,BRND010,SLCYL,CUST55419,KLINIK GM,Jakarta,TA,Klinik
IN6028_CUST55420,"1/23/2022",IN6028,BRG0001,ACYCLOVIR DUS,1169.91,98,DUS,114651.18000000001,IDR,BRND001,OGB & PH,CUST55420,APOTEK MERDEKA,Bandung,EPM,Apotek
IN6163_CUST55421,"1/30/2022",IN6163,BRG0002,ALERGINE TABLET SALUT,2337.5,5,DUS,11687.5,IDR,BRND002,ETIKAL,CUST55421,KLINIK SAHABAT,Tangerang,TD,Klinik
IN6191_CUST55422,"1/31/2022",IN6191,BRG0003,AMPICILLIN,10690.6,4,DUS,42762.4,IDR,BRND003,MARCKS,CUST55422,APOTEK SINAR JAYA,Bekasi,TA,Apotek
IN6274_CUST55423,"2/1/2022",IN6274,BRG0004,TRAMADOL KAPSUL 50 MG,8700.7,8,DUS,69605.6,IDR,BRND004,VNS,CUST55423,APOTEK SAHABAT,Padang,EPM,Apotek
IN6003_CUST55424,"1/27/2022",IN6003,BRG0005,KLORPROMAZINA TABLET SALUT SELAPUT 100 MG,5648.3,9,DUS,50834.700000000004,IDR,BRND005,SLCYL,CUST55424,KLINIK DR. ANDRI,Lampung,TD,Klinik
IN6247_CUST55425,"1/28/2022",IN6247,BRG0006,KETOCONAZOLE TABLET 200 MG,2819.2,10,DUS,28192.0,IDR,BRND006,OGB & PH,CUST55425,APOTEK TAPAK,Aceh,TA,Apotek
IN6311_CUST55426,"1/23/2022",IN6311,BRG0007,ERGOTAMINE COFFEINE,4592.1,7,DUS,32144.700000000004,IDR,BRND007,ETIKAL,CUST55426,APOTEK MAJA,Kuningan,EPM,Apotek
IN6248_CUST55427,"1/30/2022",IN6248,BRG0008,TETRACYCLINE KAPSUL 250 MG,3991.9,100,DUS,399190.0,IDR,BRND008,MARCKS,CUST55427,KLINIK GM,Jakarta,TD,Klinik
IN6042_CUST55428,"1/31/2022",IN6042,BRG0009,AMBROXOL HC,5780.7,67,DUS,387306.89999999997,IDR,BRND009,VNS,CUST55428,APOTEK MERDEKA,Bandung,TD,Apotek
IN6133_CUST55429,"2/1/2022",IN6133,BRG0010,PARACETAMOL,6940.3,78,DUS,541343.4,IDR,BRND010,SLCYL,CUST55429,KLINIK SAHABAT,Tangerang,TA,Klinik
IN6306_CUST55430,"1/27/2022",IN6306,BRG0001,ACYCLOVIR DUS,1169.91,45,DUS,52645.950000000004,IDR,BRND001,OGB & PH,CUST55430,APOTEK SINAR JAYA,Bekasi,EPM,Apotek
IN6253_CUST55431,"1/28/2022",IN6253,BRG0002,ALERGINE TABLET SALUT,2337.5,34,DUS,79475.0,IDR,BRND002,ETIKAL,CUST55431,APOTEK SAHABAT,Padang,TD,Apotek
IN5980_CUST55432,"1/23/2022",IN5980,BRG0003,AMPICILLIN,10690.6,20,DUS,213812.0,IDR,BRND003,MARCKS,CUST55432,APOTEK TAPAK,Aceh,TA,Apotek
IN6104_CUST55433,"1/30/2022",IN6104,BRG0004,TRAMADOL KAPSUL 50 MG,8700.7,45,DUS,391531.50000000006,IDR,BRND004,VNS,CUST55433,APOTEK MAJA,Kuningan,EPM,Apotek
IN6050_CUST55434,"1/31/2022",IN6050,BRG0005,KLORPROMAZINA TABLET SALUT SELAPUT 100 MG,5648.3,34,DUS,192042.2,IDR,BRND005,SLCYL,CUST55434,KLINIK GM,Jakarta,TD,Klinik
IN6054_CUST55435,"2/1/2022",IN6054,BRG0006,KETOCONAZOLE TABLET 200 MG,2819.2,34,DUS,95852.79999999999,IDR,BRND006,OGB & PH,CUST55435,APOTEK MERDEKA,Bandung,TD,Apotek
IN6219_CUST55436,"1/27/2022",IN6219,BRG0001,ACYCLOVIR DUS,4592.1,34,DUS,156131.40000000002,IDR,BRND007,OGB & PH,CUST55436,KLINIK SAHABAT,Tangerang,TA,Klinik
IN6053_CUST55437,"1/28/2022",IN6053,BRG0002,ALERGINE TABLET SALUT,3991.9,44,DUS,175643.6,IDR,BRND008,ETIKAL,CUST55437,APOTEK SINAR JAYA,Bekasi,EPM,Apotek
IN6217_CUST55438,"1/23/2022",IN6217,BRG0003,AMPICILLIN,5780.7,5,DUS,28903.5,IDR,BRND009,MARCKS,CUST55438,APOTEK SAHABAT,Padang,TD,Apotek
IN6323_CUST55439,"1/30/2022",IN6323,BRG0004,TRAMADOL KAPSUL 50 MG,6940.3,6,DUS,41641.8,IDR,BRND010,VNS,CUST55439,KLINIK DR. ANDRI,Lampung,TA,Klinik
IN6241_CUST55440,"1/31/2022",IN6241,BRG0001,ACYCLOVIR DUS,1169.91,79,DUS,92422.89,IDR,BRND001,OGB & PH,CUST55440,APOTEK TAPAK,Aceh,EPM,Apotek
IN6134_CUST55441,"2/1/2022",IN6134,BRG0002,ALERGINE TABLET SALUT,2337.5,12,DUS,28050.0,IDR,BRND002,ETIKAL,CUST55441,APOTEK MAJA,Kuningan,TD,Apotek
IN6124_CUST55442,"1/27/2022",IN6124,BRG0003,AMPICILLIN,10690.6,95,DUS,1015607.0,IDR,BRND003,MARCKS,CUST55442,KLINIK GM,Jakarta,TA,Klinik
IN5981_CUST55443,"1/28/2022",IN5981,BRG0004,TRAMADOL KAPSUL 50 MG,8700.7,76,DUS,661253.2000000001,IDR,BRND004,VNS,CUST55443,APOTEK MERDEKA,Bandung,EPM,Apotek
IN6220_CUST55444,"1/23/2022",IN6220,BRG0005,KLORPROMAZINA TABLET SALUT SELAPUT 100 MG,5648.3,48,DUS,271118.4,IDR,BRND005,SLCYL,CUST55444,KLINIK SAHABAT,Tangerang,TD,Klinik
IN6122_CUST55445,"1/30/2022",IN6122,BRG0006,KETOCONAZOLE TABLET 200 MG,2819.2,21,DUS,59203.2,IDR,BRND006,OGB & PH,CUST55445,APOTEK SINAR JAYA,Bekasi,TD,Apotek
IN6255_CUST55446,"1/31/2022",IN6255,BRG0007,ERGOTAMINE COFFEINE,4592.1,22,DUS,101026.20000000001,IDR,BRND007,ETIKAL,CUST55446,APOTEK SAHABAT,Padang,TA,Apotek
IN6005_CUST55447,"2/1/2022",IN6005,BRG0008,TETRACYCLINE KAPSUL 250 MG,3991.9,12,DUS,47902.8,IDR,BRND008,MARCKS,CUST55447,APOTEK TAPAK,Aceh,EPM,Apotek
IN6327_CUST55448,"1/27/2022",IN6327,BRG0009,AMBROXOL HC,5780.7,25,DUS,144517.5,IDR,BRND009,VNS,CUST55448,APOTEK MAJA,Kuningan,TD,Apotek
IN6119_CUST55449,"1/28/2022",IN6119,BRG0010,PARACETAMOL,6940.3,14,DUS,97164.2,IDR,BRND010,SLCYL,CUST55449,KLINIK GM,Jakarta,TA,Klinik
IN6233_CUST55450,"1/23/2022",IN6233,BRG0001,ACYCLOVIR DUS,1169.91,24,DUS,28077.840000000004,IDR,BRND001,OGB & PH,CUST55450,APOTEK MERDEKA,Bandung,EPM,Apotek
IN6235_CUST55451,"1/30/2022",IN6235,BRG0002,ALERGINE TABLET SALUT,2337.5,10,DUS,23375.0,IDR,BRND002,ETIKAL,CUST55451,KLINIK SAHABAT,Tangerang,TD,Klinik
IN6263_CUST55452,"1/31/2022",IN6263,BRG0003,AMPICILLIN,10690.6,130,DUS,1389778.0,IDR,BRND003,MARCKS,CUST55452,APOTEK SINAR JAYA,Bekasi,TA,Apotek
IN6269_CUST55453,"2/1/2022",IN6269,BRG0004,TRAMADOL KAPSUL 50 MG,8700.7,12,DUS,104408.40000000001,IDR,BRND004,VNS,CUST55453,APOTEK SAHABAT,Padang,EPM,Apotek
IN6188_CUST55454,"1/27/2022",IN6188,BRG0005,KLORPROMAZINA TABLET SALUT SELAPUT 100 MG,5648.3,10,DUS,56483.0,IDR,BRND005,SLCYL,CUST55454,KLINIK DR. ANDRI,Lampung,TD,Klinik
IN6116_CUST55455,"1/28/2022",IN6116,BRG0006,KETOCONAZOLE TABLET 200 MG,2819.2,67,DUS,188886.4,IDR,BRND006,OGB & PH,CUST55455,APOTEK TAPAK,Aceh,TD,Apotek
IN6216_CUST55456,"1/23/2022",IN6216,BRG0007,ERGOTAMINE COFFEINE,4592.1,98,DUS,450025.80000000005,IDR,BRND007,ETIKAL,CUST55456,APOTEK MAJA,Kuningan,TA,Apotek
IN6099_CUST55457,"1/30/2022",IN6099,BRG0008,TETRACYCLINE KAPSUL 250 MG,3991.9,5,DUS,19959.5,IDR,BRND008,MARCKS,CUST55457,KLINIK GM,Jakarta,EPM,Klinik
IN6326_CUST55458,"1/31/2022",IN6326,BRG0009,AMBROXOL HC,5780.7,4,DUS,23122.8,IDR,BRND009,VNS,CUST55458,APOTEK MERDEKA,Bandung,TD,Apotek
IN6267_CUST55459,"2/1/2022",IN6267,BRG0010,PARACETAMOL,6940.3,8,DUS,55522.4,IDR,BRND010,SLCYL,CUST55459,KLINIK SAHABAT,Tangerang,TA,Klinik
IN6238_CUST55460,"1/27/2022",IN6238,BRG0001,ACYCLOVIR DUS,1169.91,9,DUS,10529.19,IDR,BRND001,OGB & PH,CUST55460,APOTEK SINAR JAYA,Bekasi,EPM,Apotek
IN6214_CUST55461,"1/28/2022",IN6214,BRG0002,ALERGINE TABLET SALUT,2337.5,21,DUS,49087.5,IDR,BRND002,ETIKAL,CUST55461,APOTEK SAHABAT,Padang,TD,Apotek
IN6318_CUST55462,"1/23/2022",IN6318,BRG0003,AMPICILLIN,10690.6,22,DUS,235193.2,IDR,BRND003,MARCKS,CUST55462,APOTEK TAPAK,Aceh,TD,Apotek
IN6256_CUST55463,"1/30/2022",IN6256,BRG0004,TRAMADOL KAPSUL 50 MG,8700.7,12,DUS,104408.40000000001,IDR,BRND004,VNS,CUST55463,APOTEK MAJA,Kuningan,TA,Apotek
IN6048_CUST55464,"1/31/2022",IN6048,BRG0005,KLORPROMAZINA TABLET SALUT SELAPUT 100 MG,5648.3,25,DUS,141207.5,IDR,BRND005,SLCYL,CUST55464,KLINIK GM,Jakarta,EPM,Klinik
IN6120_CUST55465,"2/1/2022",IN6120,BRG0006,KETOCONAZOLE TABLET 200 MG,2819.2,14,DUS,39468.799999999996,IDR,BRND006,OGB & PH,CUST55465,APOTEK MERDEKA,Bandung,TD,Apotek
IN6161_CUST55466,"1/27/2022",IN6161,BRG0001,ACYCLOVIR DUS,4592.1,24,DUS,110210.40000000001,IDR,BRND007,OGB & PH,CUST55466,KLINIK SAHABAT,Tangerang,TA,Klinik
IN6292_CUST55467,"1/28/2022",IN6292,BRG0002,ALERGINE TABLET SALUT,3991.9,10,DUS,39919.0,IDR,BRND008,ETIKAL,CUST55467,APOTEK SINAR JAYA,Bekasi,EPM,Apotek
IN6286_CUST55468,"1/23/2022",IN6286,BRG0003,AMPICILLIN,5780.7,120,DUS,693684.0,IDR,BRND009,MARCKS,CUST55468,APOTEK SAHABAT,Padang,TD,Apotek
IN6008_CUST55469,"1/30/2022",IN6008,BRG0004,TRAMADOL KAPSUL 50 MG,6940.3,12,DUS,83283.6,IDR,BRND010,VNS,CUST55469,KLINIK DR. ANDRI,Lampung,TA,Klinik
IN6040_CUST55470,"1/31/2022",IN6040,BRG0001,ACYCLOVIR DUS,1169.91,10,DUS,11699.1,IDR,BRND001,OGB & PH,CUST55470,APOTEK TAPAK,Aceh,EPM,Apotek
IN6084_CUST55471,"2/1/2022",IN6084,BRG0002,ALERGINE TABLET SALUT,2337.5,67,DUS,156612.5,IDR,BRND002,ETIKAL,CUST55471,APOTEK MAJA,Kuningan,TD,Apotek
IN6074_CUST55472,"1/27/2022",IN6074,BRG0003,AMPICILLIN,10690.6,98,DUS,1047678.8,IDR,BRND003,MARCKS,CUST55472,KLINIK GM,Jakarta,TD,Klinik
IN6200_CUST55473,"1/28/2022",IN6200,BRG0004,TRAMADOL KAPSUL 50 MG,8700.7,5,DUS,43503.5,IDR,BRND004,VNS,CUST55473,APOTEK MERDEKA,Bandung,TA,Apotek
IN6065_CUST55474,"1/23/2022",IN6065,BRG0005,KLORPROMAZINA TABLET SALUT SELAPUT 100 MG,5648.3,4,DUS,22593.2,IDR,BRND005,SLCYL,CUST55474,KLINIK SAHABAT,Tangerang,EPM,Klinik
IN6208_CUST55475,"1/30/2022",IN6208,BRG0006,KETOCONAZOLE TABLET 200 MG,2819.2,8,DUS,22553.6,IDR,BRND006,OGB & PH,CUST55475,APOTEK SINAR JAYA,Bekasi,TD,Apotek
IN6148_CUST55476,"1/31/2022",IN6148,BRG0007,ERGOTAMINE COFFEINE,4592.1,9,DUS,41328.9,IDR,BRND007,ETIKAL,CUST55476,APOTEK SAHABAT,Padang,TA,Apotek
IN6072_CUST55477,"2/1/2022",IN6072,BRG0008,TETRACYCLINE KAPSUL 250 MG,3991.9,1,DUS,3991.9,IDR,BRND008,MARCKS,CUST55477,APOTEK TAPAK,Aceh,EPM,Apotek
IN6095_CUST55478,"1/27/2022",IN6095,BRG0009,AMBROXOL HC,5780.7,5,DUS,28903.5,IDR,BRND009,VNS,CUST55478,APOTEK MAJA,Kuningan,TD,Apotek
IN6049_CUST55479,"1/28/2022",IN6049,BRG0010,PARACETAMOL,6940.3,9,DUS,62462.700000000004,IDR,BRND010,SLCYL,CUST55479,KLINIK GM,Jakarta,TA,Klinik
IN6039_CUST55480,"1/23/2022",IN6039,BRG0001,ACYCLOVIR DUS,1169.91,13,DUS,15208.830000000002,IDR,BRND001,OGB & PH,CUST55480,APOTEK MERDEKA,Bandung,EPM,Apotek
IN6276_CUST55481,"1/30/2022",IN6276,BRG0002,ALERGINE TABLET SALUT,2337.5,1,DUS,2337.5,IDR,BRND002,ETIKAL,CUST55481,KLINIK SAHABAT,Tangerang,TD,Klinik
IN6015_CUST55482,"1/31/2022",IN6015,BRG0003,AMPICILLIN,10690.6,5,DUS,53453.0,IDR,BRND003,MARCKS,CUST55482,APOTEK SINAR JAYA,Bekasi,TD,Apotek
IN6185_CUST55483,"2/1/2022",IN6185,BRG0004,TRAMADOL KAPSUL 50 MG,8700.7,9,DUS,78306.3,IDR,BRND004,VNS,CUST55483,APOTEK SAHABAT,Padang,TA,Apotek
IN6258_CUST55484,"1/27/2022",IN6258,BRG0005,KLORPROMAZINA TABLET SALUT SELAPUT 100 MG,5648.3,1,DUS,5648.3,IDR,BRND005,SLCYL,CUST55484,KLINIK DR. ANDRI,Lampung,EPM,Klinik
IN6070_CUST55485,"1/28/2022",IN6070,BRG0006,KETOCONAZOLE TABLET 200 MG,2819.2,23,DUS,64841.6,IDR,BRND006,OGB & PH,CUST55485,APOTEK TAPAK,Aceh,TD,Apotek
IN6210_CUST55486,"1/23/2022",IN6210,BRG0007,ERGOTAMINE COFFEINE,4592.1,4,DUS,18368.4,IDR,BRND007,ETIKAL,CUST55486,APOTEK MAJA,Kuningan,TA,Apotek
IN6083_CUST55487,"1/30/2022",IN6083,BRG0008,TETRACYCLINE KAPSUL 250 MG,3991.9,2,DUS,7983.8,IDR,BRND008,MARCKS,CUST55487,KLINIK GM,Jakarta,EPM,Klinik
IN6322_CUST55488,"1/31/2022",IN6322,BRG0009,AMBROXOL HC,5780.7,17,DUS,98271.9,IDR,BRND009,VNS,CUST55488,APOTEK MERDEKA,Bandung,TD,Apotek
IN6291_CUST55489,"2/1/2022",IN6291,BRG0010,PARACETAMOL,6940.3,11,DUS,76343.3,IDR,BRND010,SLCYL,CUST55489,KLINIK SAHABAT,Tangerang,TD,Klinik
IN6062_CUST55490,"1/27/2022",IN6062,BRG0001,ACYCLOVIR DUS,1169.91,12,DUS,14038.920000000002,IDR,BRND001,OGB & PH,CUST55490,APOTEK SINAR JAYA,Bekasi,TA,Apotek
IN6167_CUST55491,"1/28/2022",IN6167,BRG0002,ALERGINE TABLET SALUT,2337.5,12,DUS,28050.0,IDR,BRND002,ETIKAL,CUST55491,APOTEK SAHABAT,Padang,EPM,Apotek
IN6289_CUST55492,"1/23/2022",IN6289,BRG0003,AMPICILLIN,10690.6,25,DUS,267265.0,IDR,BRND003,MARCKS,CUST55492,APOTEK TAPAK,Aceh,TD,Apotek
IN6305_CUST55493,"1/30/2022",IN6305,BRG0004,TRAMADOL KAPSUL 50 MG,8700.7,14,DUS,121809.80000000002,IDR,BRND004,VNS,CUST55493,APOTEK MAJA,Kuningan,TA,Apotek
IN6079_CUST55494,"1/31/2022",IN6079,BRG0005,KLORPROMAZINA TABLET SALUT SELAPUT 100 MG,5648.3,34,DUS,192042.2,IDR,BRND005,SLCYL,CUST55494,KLINIK GM,Jakarta,EPM,Klinik
IN6320_CUST55495,"2/1/2022",IN6320,BRG0006,KETOCONAZOLE TABLET 200 MG,2819.2,67,DUS,188886.4,IDR,BRND006,OGB & PH,CUST55495,APOTEK MERDEKA,Bandung,TD,Apotek
IN6103_CUST55496,"1/27/2022",IN6103,BRG0001,ACYCLOVIR DUS,4592.1,15,DUS,68881.5,IDR,BRND007,OGB & PH,CUST55496,KLINIK SAHABAT,Tangerang,TA,Klinik
IN6172_CUST55497,"1/28/2022",IN6172,BRG0002,ALERGINE TABLET SALUT,3991.9,12,DUS,47902.8,IDR,BRND008,ETIKAL,CUST55497,APOTEK SINAR JAYA,Bekasi,EPM,Apotek
IN6183_CUST55498,"1/23/2022",IN6183,BRG0003,AMPICILLIN,5780.7,25,DUS,144517.5,IDR,BRND009,MARCKS,CUST55498,APOTEK SAHABAT,Padang,TD,Apotek
IN6278_CUST55499,"1/30/2022",IN6278,BRG0004,TRAMADOL KAPSUL 50 MG,6940.3,14,DUS,97164.2,IDR,BRND010,VNS,CUST55499,KLINIK DR. ANDRI,Lampung,TD,Klinik
IN6186_CUST55500,"1/31/2022",IN6186,BRG0001,ACYCLOVIR DUS,1169.91,18,DUS,21058.38,IDR,BRND001,OGB & PH,CUST55500,APOTEK TAPAK,Aceh,TA,Apotek
IN6211_CUST55501,"2/1/2022",IN6211,BRG0002,ALERGINE TABLET SALUT,2337.5,18,DUS,42075.0,IDR,BRND002,ETIKAL,CUST55501,APOTEK MAJA,Kuningan,EPM,Apotek
IN6118_CUST55502,"1/27/2022",IN6118,BRG0003,AMPICILLIN,10690.6,19,DUS,203121.4,IDR,BRND003,MARCKS,CUST55502,KLINIK GM,Jakarta,TD,Klinik
IN6162_CUST55503,"1/28/2022",IN6162,BRG0004,TRAMADOL KAPSUL 50 MG,8700.7,12,DUS,104408.40000000001,IDR,BRND004,VNS,CUST55503,APOTEK MERDEKA,Bandung,TA,Apotek
IN6221_CUST55504,"1/23/2022",IN6221,BRG0005,KLORPROMAZINA TABLET SALUT SELAPUT 100 MG,5648.3,25,DUS,141207.5,IDR,BRND005,SLCYL,CUST55504,KLINIK SAHABAT,Tangerang,EPM,Klinik
IN6170_CUST55505,"1/30/2022",IN6170,BRG0006,KETOCONAZOLE TABLET 200 MG,2819.2,14,DUS,39468.799999999996,IDR,BRND006,OGB & PH,CUST55505,APOTEK SINAR JAYA,Bekasi,TD,Apotek
IN6045_CUST55506,"1/31/2022",IN6045,BRG0007,ERGOTAMINE COFFEINE,4592.1,21,DUS,96434.1,IDR,BRND007,ETIKAL,CUST55506,APOTEK SAHABAT,Padang,TA,Apotek
IN6300_CUST55507,"2/1/2022",IN6300,BRG0008,TETRACYCLINE KAPSUL 250 MG,3991.9,22,DUS,87821.8,IDR,BRND008,MARCKS,CUST55507,APOTEK TAPAK,Aceh,EPM,Apotek
IN6228_CUST55508,"1/27/2022",IN6228,BRG0009,AMBROXOL HC,5780.7,12,DUS,69368.4,IDR,BRND009,VNS,CUST55508,APOTEK MAJA,Kuningan,TD,Apotek
IN6199_CUST55509,"1/28/2022",IN6199,BRG0010,PARACETAMOL,6940.3,25,DUS,173507.5,IDR,BRND010,SLCYL,CUST55509,KLINIK GM,Jakarta,TD,Klinik
IN6215_CUST55510,"1/23/2022",IN6215,BRG0001,ACYCLOVIR DUS,1169.91,14,DUS,16378.740000000002,IDR,BRND001,OGB & PH,CUST55510,APOTEK MERDEKA,Bandung,TA,Apotek
IN6107_CUST55511,"1/30/2022",IN6107,BRG0002,ALERGINE TABLET SALUT,2337.5,24,DUS,56100.0,IDR,BRND002,ETIKAL,CUST55511,KLINIK SAHABAT,Tangerang,EPM,Klinik
IN6152_CUST55512,"1/31/2022",IN6152,BRG0003,AMPICILLIN,10690.6,10,DUS,106906.0,IDR,BRND003,MARCKS,CUST55512,APOTEK SINAR JAYA,Bekasi,TD,Apotek
IN6017_CUST55513,"2/1/2022",IN6017,BRG0004,TRAMADOL KAPSUL 50 MG,8700.7,23,DUS,200116.1,IDR,BRND004,VNS,CUST55513,APOTEK SAHABAT,Padang,TA,Apotek
IN6299_CUST55514,"1/27/2022",IN6299,BRG0005,KLORPROMAZINA TABLET SALUT SELAPUT 100 MG,5648.3,12,DUS,67779.6,IDR,BRND005,SLCYL,CUST55514,KLINIK DR. ANDRI,Lampung,EPM,Klinik
IN6064_CUST55515,"1/28/2022",IN6064,BRG0006,KETOCONAZOLE TABLET 200 MG,2819.2,10,DUS,28192.0,IDR,BRND006,OGB & PH,CUST55515,APOTEK TAPAK,Aceh,TD,Apotek
IN6308_CUST55516,"1/23/2022",IN6308,BRG0007,ERGOTAMINE COFFEINE,4592.1,67,DUS,307670.7,IDR,BRND007,ETIKAL,CUST55516,APOTEK MAJA,Kuningan,TD,Apotek
IN6038_CUST55517,"1/30/2022",IN6038,BRG0008,TETRACYCLINE KAPSUL 250 MG,3991.9,98,DUS,391206.2,IDR,BRND008,MARCKS,CUST55517,KLINIK GM,Jakarta,TA,Klinik
IN6130_CUST55518,"1/31/2022",IN6130,BRG0009,AMBROXOL HC,5780.7,5,DUS,28903.5,IDR,BRND009,VNS,CUST55518,APOTEK MERDEKA,Bandung,EPM,Apotek
IN6293_CUST55519,"2/1/2022",IN6293,BRG0010,PARACETAMOL,6940.3,4,DUS,27761.2,IDR,BRND010,SLCYL,CUST55519,KLINIK SAHABAT,Tangerang,TD,Klinik
IN6205_CUST55520,"1/27/2022",IN6205,BRG0001,ACYCLOVIR DUS,1169.91,8,DUS,9359.28,IDR,BRND001,OGB & PH,CUST55520,APOTEK SINAR JAYA,Bekasi,TA,Apotek
IN6325_CUST55521,"1/28/2022",IN6325,BRG0002,ALERGINE TABLET SALUT,2337.5,9,DUS,21037.5,IDR,BRND002,ETIKAL,CUST55521,APOTEK SAHABAT,Padang,EPM,Apotek
IN6317_CUST55522,"1/23/2022",IN6317,BRG0003,AMPICILLIN,10690.6,10,DUS,106906.0,IDR,BRND003,MARCKS,CUST55522,APOTEK TAPAK,Aceh,TD,Apotek
IN6025_CUST55523,"1/30/2022",IN6025,BRG0004,TRAMADOL KAPSUL 50 MG,8700.7,7,DUS,60904.90000000001,IDR,BRND004,VNS,CUST55523,APOTEK MAJA,Kuningan,TA,Apotek
IN6203_CUST55524,"1/31/2022",IN6203,BRG0005,KLORPROMAZINA TABLET SALUT SELAPUT 100 MG,5648.3,100,DUS,564830.0,IDR,BRND005,SLCYL,CUST55524,KLINIK GM,Jakarta,EPM,Klinik
IN6243_CUST55525,"2/1/2022",IN6243,BRG0006,KETOCONAZOLE TABLET 200 MG,2819.2,67,DUS,188886.4,IDR,BRND006,OGB & PH,CUST55525,APOTEK MERDEKA,Bandung,TD,Apotek
IN6136_CUST55526,"1/27/2022",IN6136,BRG0001,ACYCLOVIR DUS,4592.1,78,DUS,358183.80000000005,IDR,BRND007,OGB & PH,CUST55526,KLINIK SAHABAT,Tangerang,TD,Klinik
IN6314_CUST55527,"1/28/2022",IN6314,BRG0002,ALERGINE TABLET SALUT,3991.9,45,DUS,179635.5,IDR,BRND008,ETIKAL,CUST55527,APOTEK SINAR JAYA,Bekasi,TA,Apotek
IN6202_CUST55528,"1/23/2022",IN6202,BRG0003,AMPICILLIN,5780.7,34,DUS,196543.8,IDR,BRND009,MARCKS,CUST55528,APOTEK SAHABAT,Padang,EPM,Apotek
IN6279_CUST55529,"1/30/2022",IN6279,BRG0004,TRAMADOL KAPSUL 50 MG,6940.3,20,DUS,138806.0,IDR,BRND010,VNS,CUST55529,KLINIK DR. ANDRI,Lampung,TD,Klinik
IN6196_CUST55530,"1/31/2022",IN6196,BRG0001,ACYCLOVIR DUS,1169.91,45,DUS,52645.950000000004,IDR,BRND001,OGB & PH,CUST55530,APOTEK TAPAK,Aceh,TA,Apotek
IN6266_CUST55531,"2/1/2022",IN6266,BRG0002,ALERGINE TABLET SALUT,2337.5,34,DUS,79475.0,IDR,BRND002,ETIKAL,CUST55531,APOTEK MAJA,Kuningan,EPM,Apotek
IN6058_CUST55532,"1/27/2022",IN6058,BRG0003,AMPICILLIN,10690.6,34,DUS,363480.4,IDR,BRND003,MARCKS,CUST55532,KLINIK GM,Jakarta,TD,Klinik
IN6246_CUST55533,"1/28/2022",IN6246,BRG0004,TRAMADOL KAPSUL 50 MG,8700.7,34,DUS,295823.80000000005,IDR,BRND004,VNS,CUST55533,APOTEK MERDEKA,Bandung,TA,Apotek
IN6242_CUST55534,"1/23/2022",IN6242,BRG0005,KLORPROMAZINA TABLET SALUT SELAPUT 100 MG,5648.3,44,DUS,248525.2,IDR,BRND005,SLCYL,CUST55534,KLINIK SAHABAT,Tangerang,EPM,Klinik
IN5982_CUST55535,"1/30/2022",IN5982,BRG0006,KETOCONAZOLE TABLET 200 MG,2819.2,5,DUS,14096.0,IDR,BRND006,OGB & PH,CUST55535,APOTEK SINAR JAYA,Bekasi,TD,Apotek
IN6068_CUST55536,"1/31/2022",IN6068,BRG0007,ERGOTAMINE COFFEINE,4592.1,6,DUS,27552.600000000002,IDR,BRND007,ETIKAL,CUST55536,APOTEK SAHABAT,Padang,TD,Apotek
IN6128_CUST55537,"2/1/2022",IN6128,BRG0008,TETRACYCLINE KAPSUL 250 MG,3991.9,79,DUS,315360.10000000003,IDR,BRND008,MARCKS,CUST55537,APOTEK TAPAK,Aceh,TA,Apotek
IN6066_CUST55538,"1/27/2022",IN6066,BRG0009,AMBROXOL HC,5780.7,12,DUS,69368.4,IDR,BRND009,VNS,CUST55538,APOTEK MAJA,Kuningan,EPM,Apotek
IN6303_CUST55539,"1/28/2022",IN6303,BRG0010,PARACETAMOL,6940.3,95,DUS,659328.5,IDR,BRND010,SLCYL,CUST55539,KLINIK GM,Jakarta,TD,Klinik
IN6284_CUST55540,"1/23/2022",IN6284,BRG0001,ACYCLOVIR DUS,1169.91,76,DUS,88913.16,IDR,BRND001,OGB & PH,CUST55540,APOTEK MERDEKA,Bandung,TA,Apotek
IN6240_CUST55541,"1/30/2022",IN6240,BRG0002,ALERGINE TABLET SALUT,2337.5,48,DUS,112200.0,IDR,BRND002,ETIKAL,CUST55541,KLINIK SAHABAT,Tangerang,EPM,Klinik
IN6244_CUST55542,"1/31/2022",IN6244,BRG0003,AMPICILLIN,10690.6,21,DUS,224502.6,IDR,BRND003,MARCKS,CUST55542,APOTEK SINAR JAYA,Bekasi,TD,Apotek
IN6060_CUST55543,"2/1/2022",IN6060,BRG0004,TRAMADOL KAPSUL 50 MG,8700.7,22,DUS,191415.40000000002,IDR,BRND004,VNS,CUST55543,APOTEK SAHABAT,Padang,TD,Apotek
IN6254_CUST55544,"2/2/2022",IN6254,BRG0005,KLORPROMAZINA TABLET SALUT SELAPUT 100 MG,5648.3,12,DUS,67779.6,IDR,BRND005,SLCYL,CUST55544,KLINIK DR. ANDRI,Lampung,TA,Klinik
IN6171_CUST55545,"2/3/2022",IN6171,BRG0006,KETOCONAZOLE TABLET 200 MG,2819.2,25,DUS,70480.0,IDR,BRND006,OGB & PH,CUST55545,APOTEK TAPAK,Aceh,EPM,Apotek
IN6002_CUST55546,"2/4/2022",IN6002,BRG0007,ERGOTAMINE COFFEINE,4592.1,14,DUS,64289.40000000001,IDR,BRND007,ETIKAL,CUST55546,APOTEK MAJA,Kuningan,TD,Apotek
IN6261_CUST55547,"2/5/2022",IN6261,BRG0008,TETRACYCLINE KAPSUL 250 MG,3991.9,24,DUS,95805.6,IDR,BRND008,MARCKS,CUST55547,KLINIK GM,Jakarta,TA,Klinik
IN6088_CUST55548,"2/6/2022",IN6088,BRG0009,AMBROXOL HC,5780.7,10,DUS,57807.0,IDR,BRND009,VNS,CUST55548,APOTEK MERDEKA,Bandung,EPM,Apotek
IN6181_CUST55549,"2/7/2022",IN6181,BRG0010,PARACETAMOL,6940.3,130,DUS,902239.0,IDR,BRND010,SLCYL,CUST55549,KLINIK SAHABAT,Tangerang,TD,Klinik
IN6135_CUST55550,"2/8/2022",IN6135,BRG0001,ACYCLOVIR DUS,1169.91,12,DUS,14038.920000000002,IDR,BRND001,OGB & PH,CUST55550,APOTEK SINAR JAYA,Bekasi,TA,Apotek
IN5988_CUST55551,"2/9/2022",IN5988,BRG0002,ALERGINE TABLET SALUT,2337.5,10,DUS,23375.0,IDR,BRND002,ETIKAL,CUST55551,APOTEK SAHABAT,Padang,EPM,Apotek
IN6234_CUST55552,"2/10/2022",IN6234,BRG0003,AMPICILLIN,10690.6,67,DUS,716270.2000000001,IDR,BRND003,MARCKS,CUST55552,APOTEK TAPAK,Aceh,TD,Apotek
IN6319_CUST55553,"2/11/2022",IN6319,BRG0004,TRAMADOL KAPSUL 50 MG,8700.7,98,DUS,852668.6000000001,IDR,BRND004,VNS,CUST55553,APOTEK MAJA,Kuningan,TD,Apotek
IN6006_CUST55554,"2/12/2022",IN6006,BRG0005,KLORPROMAZINA TABLET SALUT SELAPUT 100 MG,5648.3,5,DUS,28241.5,IDR,BRND005,SLCYL,CUST55554,KLINIK GM,Jakarta,TA,Klinik
IN6147_CUST55555,"2/13/2022",IN6147,BRG0006,KETOCONAZOLE TABLET 200 MG,2819.2,4,DUS,11276.8,IDR,BRND006,OGB & PH,CUST55555,APOTEK MERDEKA,Bandung,EPM,Apotek
IN6129_CUST55556,"2/14/2022",IN6129,BRG0001,ACYCLOVIR DUS,4592.1,8,DUS,36736.8,IDR,BRND007,OGB & PH,CUST55556,KLINIK SAHABAT,Tangerang,TD,Klinik
IN5986_CUST55557,"2/15/2022",IN5986,BRG0002,ALERGINE TABLET SALUT,3991.9,9,DUS,35927.1,IDR,BRND008,ETIKAL,CUST55557,APOTEK SINAR JAYA,Bekasi,TA,Apotek
IN6026_CUST55558,"2/16/2022",IN6026,BRG0003,AMPICILLIN,5780.7,21,DUS,121394.7,IDR,BRND009,MARCKS,CUST55558,APOTEK SAHABAT,Padang,EPM,Apotek
IN6224_CUST55559,"2/17/2022",IN6224,BRG0004,TRAMADOL KAPSUL 50 MG,6940.3,22,DUS,152686.6,IDR,BRND010,VNS,CUST55559,KLINIK DR. ANDRI,Lampung,TD,Klinik
IN6087_CUST55560,"2/18/2022",IN6087,BRG0001,ACYCLOVIR DUS,1169.91,12,DUS,14038.920000000002,IDR,BRND001,OGB & PH,CUST55560,APOTEK TAPAK,Aceh,TA,Apotek
IN6096_CUST55561,"2/19/2022",IN6096,BRG0002,ALERGINE TABLET SALUT,2337.5,25,DUS,58437.5,IDR,BRND002,ETIKAL,CUST55561,APOTEK MAJA,Kuningan,EPM,Apotek
IN6034_CUST55562,"2/20/2022",IN6034,BRG0003,AMPICILLIN,10690.6,14,DUS,149668.4,IDR,BRND003,MARCKS,CUST55562,KLINIK GM,Jakarta,TD,Klinik
IN6231_CUST55563,"2/21/2022",IN6231,BRG0004,TRAMADOL KAPSUL 50 MG,8700.7,24,DUS,208816.80000000002,IDR,BRND004,VNS,CUST55563,APOTEK MERDEKA,Bandung,TD,Apotek
IN6260_CUST55564,"2/22/2022",IN6260,BRG0005,KLORPROMAZINA TABLET SALUT SELAPUT 100 MG,5648.3,10,DUS,56483.0,IDR,BRND005,SLCYL,CUST55564,KLINIK SAHABAT,Tangerang,TA,Klinik
IN6302_CUST55565,"2/23/2022",IN6302,BRG0006,KETOCONAZOLE TABLET 200 MG,2819.2,120,DUS,338304.0,IDR,BRND006,OGB & PH,CUST55565,APOTEK SINAR JAYA,Bekasi,EPM,Apotek
IN6061_CUST55566,"2/24/2022",IN6061,BRG0007,ERGOTAMINE COFFEINE,4592.1,12,DUS,55105.200000000004,IDR,BRND007,ETIKAL,CUST55566,APOTEK SAHABAT,Padang,TD,Apotek
IN6011_CUST55567,"2/25/2022",IN6011,BRG0008,TETRACYCLINE KAPSUL 250 MG,3991.9,10,DUS,39919.0,IDR,BRND008,MARCKS,CUST55567,APOTEK TAPAK,Aceh,TA,Apotek
IN6275_CUST55568,"2/26/2022",IN6275,BRG0009,AMBROXOL HC,5780.7,67,DUS,387306.89999999997,IDR,BRND009,VNS,CUST55568,APOTEK MAJA,Kuningan,EPM,Apotek
IN6114_CUST55569,"2/27/2022",IN6114,BRG0010,PARACETAMOL,6940.3,98,DUS,680149.4,IDR,BRND010,SLCYL,CUST55569,KLINIK GM,Jakarta,TD,Klinik
IN6041_CUST55570,"2/28/2022",IN6041,BRG0001,ACYCLOVIR DUS,1169.91,5,DUS,5849.55,IDR,BRND001,OGB & PH,CUST55570,APOTEK MERDEKA,Bandung,TD,Apotek
IN6069_CUST55571,"3/1/2022",IN6069,BRG0002,ALERGINE TABLET SALUT,2337.5,4,DUS,9350.0,IDR,BRND002,ETIKAL,CUST55571,KLINIK SAHABAT,Tangerang,TA,Klinik
IN6239_CUST55572,"3/2/2022",IN6239,BRG0003,AMPICILLIN,10690.6,8,DUS,85524.8,IDR,BRND003,MARCKS,CUST55572,APOTEK SINAR JAYA,Bekasi,EPM,Apotek
IN6137_CUST55573,"3/3/2022",IN6137,BRG0004,TRAMADOL KAPSUL 50 MG,8700.7,9,DUS,78306.3,IDR,BRND004,VNS,CUST55573,APOTEK SAHABAT,Padang,TD,Apotek
IN6189_CUST55574,"3/4/2022",IN6189,BRG0005,KLORPROMAZINA TABLET SALUT SELAPUT 100 MG,5648.3,1,DUS,5648.3,IDR,BRND005,SLCYL,CUST55574,KLINIK DR. ANDRI,Lampung,TA,Klinik
IN6229_CUST55575,"3/5/2022",IN6229,BRG0006,KETOCONAZOLE TABLET 200 MG,2819.2,5,DUS,14096.0,IDR,BRND006,OGB & PH,CUST55575,APOTEK TAPAK,Aceh,EPM,Apotek
IN6110_CUST55576,"3/6/2022",IN6110,BRG0007,ERGOTAMINE COFFEINE,4592.1,9,DUS,41328.9,IDR,BRND007,ETIKAL,CUST55576,APOTEK MAJA,Kuningan,TD,Apotek
IN6182_CUST55577,"3/7/2022",IN6182,BRG0008,TETRACYCLINE KAPSUL 250 MG,3991.9,13,DUS,51894.700000000004,IDR,BRND008,MARCKS,CUST55577,KLINIK GM,Jakarta,TA,Klinik
IN6164_CUST55578,"3/8/2022",IN6164,BRG0009,AMBROXOL HC,5780.7,1,DUS,5780.7,IDR,BRND009,VNS,CUST55578,APOTEK MERDEKA,Bandung,EPM,Apotek
IN6016_CUST55579,"3/9/2022",IN6016,BRG0010,PARACETAMOL,6940.3,5,DUS,34701.5,IDR,BRND010,SLCYL,CUST55579,KLINIK SAHABAT,Tangerang,TD,Klinik
IN6043_CUST55580,"3/10/2022",IN6043,BRG0001,ACYCLOVIR DUS,1169.91,9,DUS,10529.19,IDR,BRND001,OGB & PH,CUST55580,APOTEK SINAR JAYA,Bekasi,TD,Apotek
IN6020_CUST55581,"3/11/2022",IN6020,BRG0002,ALERGINE TABLET SALUT,2337.5,1,DUS,2337.5,IDR,BRND002,ETIKAL,CUST55581,APOTEK SAHABAT,Padang,TA,Apotek
IN6206_CUST55582,"3/12/2022",IN6206,BRG0003,AMPICILLIN,10690.6,23,DUS,245883.80000000002,IDR,BRND003,MARCKS,CUST55582,APOTEK TAPAK,Aceh,EPM,Apotek
IN6055_CUST55583,"3/13/2022",IN6055,BRG0004,TRAMADOL KAPSUL 50 MG,8700.7,4,DUS,34802.8,IDR,BRND004,VNS,CUST55583,APOTEK MAJA,Kuningan,TD,Apotek
IN6092_CUST55584,"3/14/2022",IN6092,BRG0005,KLORPROMAZINA TABLET SALUT SELAPUT 100 MG,5648.3,2,DUS,11296.6,IDR,BRND005,SLCYL,CUST55584,KLINIK GM,Jakarta,TA,Klinik
IN6177_CUST55585,"3/15/2022",IN6177,BRG0006,KETOCONAZOLE TABLET 200 MG,2819.2,17,DUS,47926.399999999994,IDR,BRND006,OGB & PH,CUST55585,APOTEK MERDEKA,Bandung,EPM,Apotek
IN6209_CUST55586,"3/16/2022",IN6209,BRG0001,ACYCLOVIR DUS,4592.1,11,DUS,50513.100000000006,IDR,BRND007,OGB & PH,CUST55586,KLINIK SAHABAT,Tangerang,TD,Klinik
IN6250_CUST55587,"3/17/2022",IN6250,BRG0002,ALERGINE TABLET SALUT,3991.9,12,DUS,47902.8,IDR,BRND008,ETIKAL,CUST55587,APOTEK SINAR JAYA,Bekasi,TA,Apotek
IN6193_CUST55588,"3/18/2022",IN6193,BRG0003,AMPICILLIN,5780.7,12,DUS,69368.4,IDR,BRND009,MARCKS,CUST55588,APOTEK SAHABAT,Padang,EPM,Apotek
IN6081_CUST55589,"3/19/2022",IN6081,BRG0004,TRAMADOL KAPSUL 50 MG,6940.3,25,DUS,173507.5,IDR,BRND010,VNS,CUST55589,KLINIK DR. ANDRI,Lampung,TD,Klinik
IN6149_CUST55590,"3/20/2022",IN6149,BRG0001,ACYCLOVIR DUS,1169.91,14,DUS,16378.740000000002,IDR,BRND001,OGB & PH,CUST55590,APOTEK TAPAK,Aceh,TD,Apotek
IN6014_CUST55591,"3/21/2022",IN6014,BRG0002,ALERGINE TABLET SALUT,2337.5,34,DUS,79475.0,IDR,BRND002,ETIKAL,CUST55591,APOTEK MAJA,Kuningan,TA,Apotek
IN6290_CUST55592,"3/22/2022",IN6290,BRG0003,AMPICILLIN,10690.6,67,DUS,716270.2000000001,IDR,BRND003,MARCKS,CUST55592,KLINIK GM,Jakarta,EPM,Klinik
IN6051_CUST55593,"3/23/2022",IN6051,BRG0004,TRAMADOL KAPSUL 50 MG,8700.7,15,DUS,130510.50000000001,IDR,BRND004,VNS,CUST55593,APOTEK MERDEKA,Bandung,TD,Apotek
IN6076_CUST55594,"3/24/2022",IN6076,BRG0005,KLORPROMAZINA TABLET SALUT SELAPUT 100 MG,5648.3,12,DUS,67779.6,IDR,BRND005,SLCYL,CUST55594,KLINIK SAHABAT,Tangerang,TA,Klinik
IN6140_CUST55595,"3/25/2022",IN6140,BRG0006,KETOCONAZOLE TABLET 200 MG,2819.2,25,DUS,70480.0,IDR,BRND006,OGB & PH,CUST55595,APOTEK SINAR JAYA,Bekasi,EPM,Apotek
IN6080_CUST55596,"3/26/2022",IN6080,BRG0007,ERGOTAMINE COFFEINE,4592.1,14,DUS,64289.40000000001,IDR,BRND007,ETIKAL,CUST55596,APOTEK SAHABAT,Padang,TD,Apotek
IN6153_CUST55597,"3/27/2022",IN6153,BRG0008,TETRACYCLINE KAPSUL 250 MG,3991.9,18,DUS,71854.2,IDR,BRND008,MARCKS,CUST55597,APOTEK TAPAK,Aceh,TD,Apotek
IN5979_CUST55598,"3/28/2022",IN5979,BRG0009,AMBROXOL HC,5780.7,18,DUS,104052.59999999999,IDR,BRND009,VNS,CUST55598,APOTEK MAJA,Kuningan,TA,Apotek
IN6098_CUST55599,"3/29/2022",IN6098,BRG0010,PARACETAMOL,6940.3,19,DUS,131865.7,IDR,BRND010,SLCYL,CUST55599,KLINIK GM,Jakarta,EPM,Klinik
IN6078_CUST55600,"3/30/2022",IN6078,BRG0001,ACYCLOVIR DUS,1169.91,12,DUS,14038.920000000002,IDR,BRND001,OGB & PH,CUST55600,APOTEK MERDEKA,Bandung,TD,Apotek
IN6085_CUST55601,"3/31/2022",IN6085,BRG0002,ALERGINE TABLET SALUT,2337.5,25,DUS,58437.5,IDR,BRND002,ETIKAL,CUST55601,KLINIK SAHABAT,Tangerang,TA,Klinik
IN6018_CUST55602,"4/1/2022",IN6018,BRG0003,AMPICILLIN,10690.6,14,DUS,149668.4,IDR,BRND003,MARCKS,CUST55602,APOTEK SINAR JAYA,Bekasi,EPM,Apotek
IN6001_CUST55603,"4/2/2022",IN6001,BRG0004,TRAMADOL KAPSUL 50 MG,8700.7,21,DUS,182714.7,IDR,BRND004,VNS,CUST55603,APOTEK SAHABAT,Padang,TD,Apotek
IN6271_CUST55604,"4/3/2022",IN6271,BRG0005,KLORPROMAZINA TABLET SALUT SELAPUT 100 MG,5648.3,22,DUS,124262.6,IDR,BRND005,SLCYL,CUST55604,KLINIK DR. ANDRI,Lampung,TA,Klinik
IN6207_CUST55605,"4/4/2022",IN6207,BRG0006,KETOCONAZOLE TABLET 200 MG,2819.2,12,DUS,33830.399999999994,IDR,BRND006,OGB & PH,CUST55605,APOTEK TAPAK,Aceh,EPM,Apotek
IN6187_CUST55606,"4/5/2022",IN6187,BRG0007,ERGOTAMINE COFFEINE,4592.1,25,DUS,114802.50000000001,IDR,BRND007,ETIKAL,CUST55606,APOTEK MAJA,Kuningan,TD,Apotek
IN5995_CUST55607,"4/6/2022",IN5995,BRG0008,TETRACYCLINE KAPSUL 250 MG,3991.9,14,DUS,55886.6,IDR,BRND008,MARCKS,CUST55607,KLINIK GM,Jakarta,TD,Klinik
IN6156_CUST55608,"4/7/2022",IN6156,BRG0009,AMBROXOL HC,5780.7,24,DUS,138736.8,IDR,BRND009,VNS,CUST55608,APOTEK MERDEKA,Bandung,TA,Apotek
IN6232_CUST55609,"4/8/2022",IN6232,BRG0010,PARACETAMOL,6940.3,10,DUS,69403.0,IDR,BRND010,SLCYL,CUST55609,KLINIK SAHABAT,Tangerang,EPM,Klinik
IN5998_CUST55610,"4/9/2022",IN5998,BRG0001,ACYCLOVIR DUS,1169.91,23,DUS,26907.93,IDR,BRND001,OGB & PH,CUST55610,APOTEK SINAR JAYA,Bekasi,TD,Apotek
IN6227_CUST55611,"4/10/2022",IN6227,BRG0002,ALERGINE TABLET SALUT,2337.5,12,DUS,28050.0,IDR,BRND002,ETIKAL,CUST55611,APOTEK SAHABAT,Padang,TA,Apotek
IN6027_CUST55612,"4/11/2022",IN6027,BRG0003,AMPICILLIN,10690.6,10,DUS,106906.0,IDR,BRND003,MARCKS,CUST55612,APOTEK TAPAK,Aceh,EPM,Apotek
IN6157_CUST55613,"4/12/2022",IN6157,BRG0004,TRAMADOL KAPSUL 50 MG,8700.7,67,DUS,582946.9,IDR,BRND004,VNS,CUST55613,APOTEK MAJA,Kuningan,TD,Apotek
IN6180_CUST55614,"4/13/2022",IN6180,BRG0005,KLORPROMAZINA TABLET SALUT SELAPUT 100 MG,5648.3,98,DUS,553533.4,IDR,BRND005,SLCYL,CUST55614,KLINIK GM,Jakarta,TA,Klinik
IN6257_CUST55615,"4/14/2022",IN6257,BRG0006,KETOCONAZOLE TABLET 200 MG,2819.2,5,DUS,14096.0,IDR,BRND006,OGB & PH,CUST55615,APOTEK MERDEKA,Bandung,EPM,Apotek
IN6031_CUST55616,"4/15/2022",IN6031,BRG0001,ACYCLOVIR DUS,4592.1,4,DUS,18368.4,IDR,BRND007,OGB & PH,CUST55616,KLINIK SAHABAT,Tangerang,TD,Klinik
IN6082_CUST55617,"4/16/2022",IN6082,BRG0002,ALERGINE TABLET SALUT,3991.9,8,DUS,31935.2,IDR,BRND008,ETIKAL,CUST55617,APOTEK SINAR JAYA,Bekasi,TD,Apotek
IN6174_CUST55618,"4/17/2022",IN6174,BRG0003,AMPICILLIN,5780.7,9,DUS,52026.299999999996,IDR,BRND009,MARCKS,CUST55618,APOTEK SAHABAT,Padang,TA,Apotek
IN6237_CUST55619,"4/18/2022",IN6237,BRG0004,TRAMADOL KAPSUL 50 MG,6940.3,10,DUS,69403.0,IDR,BRND010,VNS,CUST55619,KLINIK DR. ANDRI,Lampung,EPM,Klinik
IN6021_CUST55620,"4/19/2022",IN6021,BRG0001,ACYCLOVIR DUS,1169.91,7,DUS,8189.370000000001,IDR,BRND001,OGB & PH,CUST55620,APOTEK TAPAK,Aceh,TD,Apotek
IN6056_CUST55621,"4/20/2022",IN6056,BRG0002,ALERGINE TABLET SALUT,2337.5,100,DUS,233750.0,IDR,BRND002,ETIKAL,CUST55621,APOTEK MAJA,Kuningan,TA,Apotek
IN5983_CUST55622,"4/21/2022",IN5983,BRG0003,AMPICILLIN,10690.6,67,DUS,716270.2000000001,IDR,BRND003,MARCKS,CUST55622,KLINIK GM,Jakarta,EPM,Klinik
IN6139_CUST55623,"4/22/2022",IN6139,BRG0004,TRAMADOL KAPSUL 50 MG,8700.7,78,DUS,678654.6000000001,IDR,BRND004,VNS,CUST55623,APOTEK MERDEKA,Bandung,TD,Apotek
IN6126_CUST55624,"4/23/2022",IN6126,BRG0005,KLORPROMAZINA TABLET SALUT SELAPUT 100 MG,5648.3,45,DUS,254173.5,IDR,BRND005,SLCYL,CUST55624,KLINIK SAHABAT,Tangerang,TD,Klinik
IN6127_CUST55625,"4/24/2022",IN6127,BRG0006,KETOCONAZOLE TABLET 200 MG,2819.2,34,DUS,95852.79999999999,IDR,BRND006,OGB & PH,CUST55625,APOTEK SINAR JAYA,Bekasi,TA,Apotek
IN6035_CUST55626,"4/25/2022",IN6035,BRG0007,ERGOTAMINE COFFEINE,4592.1,20,DUS,91842.0,IDR,BRND007,ETIKAL,CUST55626,APOTEK SAHABAT,Padang,EPM,Apotek
IN6309_CUST55627,"4/26/2022",IN6309,BRG0008,TETRACYCLINE KAPSUL 250 MG,3991.9,45,DUS,179635.5,IDR,BRND008,MARCKS,CUST55627,APOTEK TAPAK,Aceh,TD,Apotek
IN6073_CUST55628,"4/27/2022",IN6073,BRG0009,AMBROXOL HC,5780.7,34,DUS,196543.8,IDR,BRND009,VNS,CUST55628,APOTEK MAJA,Kuningan,TA,Apotek
IN6277_CUST55629,"4/28/2022",IN6277,BRG0010,PARACETAMOL,6940.3,34,DUS,235970.2,IDR,BRND010,SLCYL,CUST55629,KLINIK GM,Jakarta,EPM,Klinik
IN6197_CUST55630,"4/29/2022",IN6197,BRG0001,ACYCLOVIR DUS,1169.91,34,DUS,39776.94,IDR,BRND001,OGB & PH,CUST55630,APOTEK MERDEKA,Bandung,TD,Apotek
IN6225_CUST55631,"4/30/2022",IN6225,BRG0002,ALERGINE TABLET SALUT,2337.5,44,DUS,102850.0,IDR,BRND002,ETIKAL,CUST55631,KLINIK SAHABAT,Tangerang,TA,Klinik
IN5999_CUST55632,"5/1/2022",IN5999,BRG0003,AMPICILLIN,10690.6,5,DUS,53453.0,IDR,BRND003,MARCKS,CUST55632,APOTEK SINAR JAYA,Bekasi,EPM,Apotek
IN6223_CUST55633,"5/2/2022",IN6223,BRG0004,TRAMADOL KAPSUL 50 MG,8700.7,6,DUS,52204.200000000004,IDR,BRND004,VNS,CUST55633,APOTEK SAHABAT,Padang,TD,Apotek
IN6273_CUST55634,"5/3/2022",IN6273,BRG0005,KLORPROMAZINA TABLET SALUT SELAPUT 100 MG,5648.3,79,DUS,446215.7,IDR,BRND005,SLCYL,CUST55634,KLINIK DR. ANDRI,Lampung,TD,Klinik
IN6047_CUST55635,"4/26/2022",IN6047,BRG0006,KETOCONAZOLE TABLET 200 MG,2819.2,12,DUS,33830.399999999994,IDR,BRND006,OGB & PH,CUST55635,APOTEK TAPAK,Aceh,TA,Apotek
IN6071_CUST55636,"4/27/2022",IN6071,BRG0007,ERGOTAMINE COFFEINE,4592.1,95,DUS,436249.50000000006,IDR,BRND007,ETIKAL,CUST55636,APOTEK MAJA,Kuningan,EPM,Apotek
IN6009_CUST55637,"4/28/2022",IN6009,BRG0008,TETRACYCLINE KAPSUL 250 MG,3991.9,76,DUS,303384.4,IDR,BRND008,MARCKS,CUST55637,KLINIK GM,Jakarta,TD,Klinik
IN6075_CUST55638,"4/16/2022",IN6075,BRG0009,AMBROXOL HC,5780.7,48,DUS,277473.6,IDR,BRND009,VNS,CUST55638,APOTEK MERDEKA,Bandung,TA,Apotek
IN6218_CUST55639,"4/17/2022",IN6218,BRG0010,PARACETAMOL,6940.3,21,DUS,145746.30000000002,IDR,BRND010,SLCYL,CUST55639,KLINIK SAHABAT,Tangerang,EPM,Klinik
IN5985_CUST55640,"4/18/2022",IN5985,BRG0001,ACYCLOVIR DUS,1169.91,22,DUS,25738.02,IDR,BRND001,OGB & PH,CUST55640,APOTEK SINAR JAYA,Bekasi,TD,Apotek
IN6154_CUST55641,"4/19/2022",IN6154,BRG0002,ALERGINE TABLET SALUT,2337.5,12,DUS,28050.0,IDR,BRND002,ETIKAL,CUST55641,APOTEK SAHABAT,Padang,TA,Apotek
IN6145_CUST55642,"4/20/2022",IN6145,BRG0003,AMPICILLIN,10690.6,25,DUS,267265.0,IDR,BRND003,MARCKS,CUST55642,APOTEK TAPAK,Aceh,EPM,Apotek
IN6315_CUST55643,"4/21/2022",IN6315,BRG0004,TRAMADOL KAPSUL 50 MG,8700.7,14,DUS,121809.80000000002,IDR,BRND004,VNS,CUST55643,APOTEK MAJA,Kuningan,TD,Apotek
IN6168_CUST55644,"5/13/2022",IN6168,BRG0005,KLORPROMAZINA TABLET SALUT SELAPUT 100 MG,5648.3,24,DUS,135559.2,IDR,BRND005,SLCYL,CUST55644,KLINIK GM,Jakarta,TD,Klinik
IN6192_CUST55645,"5/14/2022",IN6192,BRG0006,KETOCONAZOLE TABLET 200 MG,2819.2,10,DUS,28192.0,IDR,BRND006,OGB & PH,CUST55645,APOTEK MERDEKA,Bandung,TA,Apotek
IN6285_CUST55646,"5/15/2022",IN6285,BRG0001,ACYCLOVIR DUS,4592.1,130,DUS,596973.0,IDR,BRND007,OGB & PH,CUST55646,KLINIK SAHABAT,Tangerang,EPM,Klinik
IN6077_CUST55647,"5/16/2022",IN6077,BRG0002,ALERGINE TABLET SALUT,3991.9,12,DUS,47902.8,IDR,BRND008,ETIKAL,CUST55647,APOTEK SINAR JAYA,Bekasi,TD,Apotek
IN6057_CUST55648,"5/17/2022",IN6057,BRG0003,AMPICILLIN,5780.7,10,DUS,57807.0,IDR,BRND009,MARCKS,CUST55648,APOTEK SAHABAT,Padang,TA,Apotek
IN6252_CUST55649,"5/18/2022",IN6252,BRG0004,TRAMADOL KAPSUL 50 MG,6940.3,67,DUS,465000.10000000003,IDR,BRND010,VNS,CUST55649,KLINIK DR. ANDRI,Lampung,EPM,Klinik
IN6272_CUST55650,"5/19/2022",IN6272,BRG0001,ACYCLOVIR DUS,1169.91,98,DUS,114651.18000000001,IDR,BRND001,OGB & PH,CUST55650,APOTEK TAPAK,Aceh,TD,Apotek
IN6150_CUST55651,"5/20/2022",IN6150,BRG0002,ALERGINE TABLET SALUT,2337.5,5,DUS,11687.5,IDR,BRND002,ETIKAL,CUST55651,APOTEK MAJA,Kuningan,TD,Apotek
IN6298_CUST55652,"5/21/2022",IN6298,BRG0003,AMPICILLIN,10690.6,4,DUS,42762.4,IDR,BRND003,MARCKS,CUST55652,KLINIK GM,Jakarta,TA,Klinik
IN6295_CUST55653,"5/22/2022",IN6295,BRG0004,TRAMADOL KAPSUL 50 MG,8700.7,8,DUS,69605.6,IDR,BRND004,VNS,CUST55653,APOTEK MERDEKA,Bandung,EPM,Apotek
IN6022_CUST55654,"5/23/2022",IN6022,BRG0005,KLORPROMAZINA TABLET SALUT SELAPUT 100 MG,5648.3,9,DUS,50834.700000000004,IDR,BRND005,SLCYL,CUST55654,KLINIK SAHABAT,Tangerang,TD,Klinik
IN6090_CUST55655,"5/24/2022",IN6090,BRG0006,KETOCONAZOLE TABLET 200 MG,2819.2,21,DUS,59203.2,IDR,BRND006,OGB & PH,CUST55655,APOTEK SINAR JAYA,Bekasi,TA,Apotek
IN5996_CUST55656,"5/25/2022",IN5996,BRG0007,ERGOTAMINE COFFEINE,4592.1,22,DUS,101026.20000000001,IDR,BRND007,ETIKAL,CUST55656,APOTEK SAHABAT,Padang,EPM,Apotek
IN6111_CUST55657,"5/26/2022",IN6111,BRG0008,TETRACYCLINE KAPSUL 250 MG,3991.9,12,DUS,47902.8,IDR,BRND008,MARCKS,CUST55657,APOTEK TAPAK,Aceh,TD,Apotek
IN6194_CUST55658,"4/18/2022",IN6194,BRG0009,AMBROXOL HC,5780.7,25,DUS,144517.5,IDR,BRND009,VNS,CUST55658,APOTEK MAJA,Kuningan,TA,Apotek
IN5987_CUST55659,"4/19/2022",IN5987,BRG0010,PARACETAMOL,6940.3,14,DUS,97164.2,IDR,BRND010,SLCYL,CUST55659,KLINIK GM,Jakarta,EPM,Klinik
IN6313_CUST55660,"4/20/2022",IN6313,BRG0001,ACYCLOVIR DUS,1169.91,24,DUS,28077.840000000004,IDR,BRND001,OGB & PH,CUST55660,APOTEK MERDEKA,Bandung,TD,Apotek
IN6138_CUST55661,"4/18/2022",IN6138,BRG0002,ALERGINE TABLET SALUT,2337.5,10,DUS,23375.0,IDR,BRND002,ETIKAL,CUST55661,KLINIK SAHABAT,Tangerang,TD,Klinik
IN6316_CUST55662,"4/19/2022",IN6316,BRG0003,AMPICILLIN,10690.6,120,DUS,1282872.0,IDR,BRND003,MARCKS,CUST55662,APOTEK SINAR JAYA,Bekasi,TA,Apotek
IN6019_CUST55663,"4/20/2022",IN6019,BRG0004,TRAMADOL KAPSUL 50 MG,8700.7,12,DUS,104408.40000000001,IDR,BRND004,VNS,CUST55663,APOTEK SAHABAT,Padang,EPM,Apotek
IN6283_CUST55664,"5/19/2022",IN6283,BRG0005,KLORPROMAZINA TABLET SALUT SELAPUT 100 MG,5648.3,10,DUS,56483.0,IDR,BRND005,SLCYL,CUST55664,KLINIK DR. ANDRI,Lampung,TD,Klinik
IN6169_CUST55665,"5/20/2022",IN6169,BRG0006,KETOCONAZOLE TABLET 200 MG,2819.2,67,DUS,188886.4,IDR,BRND006,OGB & PH,CUST55665,APOTEK TAPAK,Aceh,TA,Apotek
IN6121_CUST55666,"5/21/2022",IN6121,BRG0007,ERGOTAMINE COFFEINE,4592.1,98,DUS,450025.80000000005,IDR,BRND007,ETIKAL,CUST55666,APOTEK MAJA,Kuningan,EPM,Apotek
IN6117_CUST55667,"5/22/2022",IN6117,BRG0008,TETRACYCLINE KAPSUL 250 MG,3991.9,5,DUS,19959.5,IDR,BRND008,MARCKS,CUST55667,KLINIK GM,Jakarta,TD,Klinik
IN6201_CUST55668,"5/23/2022",IN6201,BRG0009,AMBROXOL HC,5780.7,4,DUS,23122.8,IDR,BRND009,VNS,CUST55668,APOTEK MERDEKA,Bandung,TA,Apotek
IN6179_CUST55669,"5/24/2022",IN6179,BRG0010,PARACETAMOL,6940.3,8,DUS,55522.4,IDR,BRND010,SLCYL,CUST55669,KLINIK SAHABAT,Tangerang,EPM,Klinik
IN5978_CUST55670,"5/25/2022",IN5978,BRG0001,ACYCLOVIR DUS,1169.91,9,DUS,10529.19,IDR,BRND001,OGB & PH,CUST55670,APOTEK SINAR JAYA,Bekasi,TD,Apotek
IN5993_CUST55671,"5/26/2022",IN5993,BRG0002,ALERGINE TABLET SALUT,2337.5,1,DUS,2337.5,IDR,BRND002,ETIKAL,CUST55671,APOTEK SAHABAT,Padang,TD,Apotek
IN6160_CUST55672,"5/27/2022",IN6160,BRG0003,AMPICILLIN,10690.6,5,DUS,53453.0,IDR,BRND003,MARCKS,CUST55672,APOTEK TAPAK,Aceh,TA,Apotek
IN6282_CUST55673,"5/28/2022",IN6282,BRG0004,TRAMADOL KAPSUL 50 MG,8700.7,9,DUS,78306.3,IDR,BRND004,VNS,CUST55673,APOTEK MAJA,Kuningan,EPM,Apotek
IN6093_CUST55674,"5/29/2022",IN6093,BRG0005,KLORPROMAZINA TABLET SALUT SELAPUT 100 MG,5648.3,13,DUS,73427.90000000001,IDR,BRND005,SLCYL,CUST55674,KLINIK GM,Jakarta,TD,Klinik
IN6166_CUST55675,"5/30/2022",IN6166,BRG0006,KETOCONAZOLE TABLET 200 MG,2819.2,1,DUS,2819.2,IDR,BRND006,OGB & PH,CUST55675,APOTEK MERDEKA,Bandung,TA,Apotek
IN6010_CUST55676,"5/31/2022",IN6010,BRG0001,ACYCLOVIR DUS,4592.1,5,DUS,22960.5,IDR,BRND007,OGB & PH,CUST55676,KLINIK SAHABAT,Tangerang,EPM,Klinik
IN6100_CUST55677,"6/1/2022",IN6100,BRG0002,ALERGINE TABLET SALUT,3991.9,9,DUS,35927.1,IDR,BRND008,ETIKAL,CUST55677,APOTEK SINAR JAYA,Bekasi,TD,Apotek
IN6222_CUST55678,"6/2/2022",IN6222,BRG0003,AMPICILLIN,5780.7,1,DUS,5780.7,IDR,BRND009,MARCKS,CUST55678,APOTEK SAHABAT,Padang,TD,Apotek
IN6032_CUST55679,"6/3/2022",IN6032,BRG0004,TRAMADOL KAPSUL 50 MG,6940.3,23,DUS,159626.9,IDR,BRND010,VNS,CUST55679,KLINIK DR. ANDRI,Lampung,TA,Klinik
IN6198_CUST55680,"6/4/2022",IN6198,BRG0001,ACYCLOVIR DUS,1169.91,4,DUS,4679.64,IDR,BRND001,OGB & PH,CUST55680,APOTEK TAPAK,Aceh,EPM,Apotek
IN6212_CUST55681,"6/5/2022",IN6212,BRG0002,ALERGINE TABLET SALUT,2337.5,2,DUS,4675.0,IDR,BRND002,ETIKAL,CUST55681,APOTEK MAJA,Kuningan,TD,Apotek
IN6288_CUST55682,"6/6/2022",IN6288,BRG0003,AMPICILLIN,10690.6,17,DUS,181740.2,IDR,BRND003,MARCKS,CUST55682,KLINIK GM,Jakarta,TA,Klinik
IN6059_CUST55683,"6/7/2022",IN6059,BRG0004,TRAMADOL KAPSUL 50 MG,8700.7,11,DUS,95707.70000000001,IDR,BRND004,VNS,CUST55683,APOTEK MERDEKA,Bandung,EPM,Apotek
IN6236_CUST55684,"6/8/2022",IN6236,BRG0005,KLORPROMAZINA TABLET SALUT SELAPUT 100 MG,5648.3,12,DUS,67779.6,IDR,BRND005,SLCYL,CUST55684,KLINIK SAHABAT,Tangerang,TD,Klinik
IN6296_CUST55685,"6/9/2022",IN6296,BRG0006,KETOCONAZOLE TABLET 200 MG,2819.2,12,DUS,33830.399999999994,IDR,BRND006,OGB & PH,CUST55685,APOTEK SINAR JAYA,Bekasi,TA,Apotek
IN6324_CUST55686,"6/10/2022",IN6324,BRG0007,ERGOTAMINE COFFEINE,4592.1,25,DUS,114802.50000000001,IDR,BRND007,ETIKAL,CUST55686,APOTEK SAHABAT,Padang,EPM,Apotek
IN6091_CUST55687,"6/11/2022",IN6091,BRG0008,TETRACYCLINE KAPSUL 250 MG,3991.9,14,DUS,55886.6,IDR,BRND008,MARCKS,CUST55687,APOTEK TAPAK,Aceh,TD,Apotek
IN6033_CUST55688,"6/12/2022",IN6033,BRG0009,AMBROXOL HC,5780.7,34,DUS,196543.8,IDR,BRND009,VNS,CUST55688,APOTEK MAJA,Kuningan,TD,Apotek
IN6159_CUST55689,"6/13/2022",IN6159,BRG0010,PARACETAMOL,6940.3,67,DUS,465000.10000000003,IDR,BRND010,SLCYL,CUST55689,KLINIK GM,Jakarta,TA,Klinik
IN6264_CUST55690,"6/14/2022",IN6264,BRG0001,ACYCLOVIR DUS,1169.91,15,DUS,17548.65,IDR,BRND001,OGB & PH,CUST55690,APOTEK MERDEKA,Bandung,EPM,Apotek
IN6046_CUST55691,"6/15/2022",IN6046,BRG0002,ALERGINE TABLET SALUT,2337.5,12,DUS,28050.0,IDR,BRND002,ETIKAL,CUST55691,KLINIK SAHABAT,Tangerang,TD,Klinik
IN6268_CUST55692,"6/16/2022",IN6268,BRG0003,AMPICILLIN,10690.6,25,DUS,267265.0,IDR,BRND003,MARCKS,CUST55692,APOTEK SINAR JAYA,Bekasi,TA,Apotek
IN6310_CUST55693,"4/30/2022",IN6310,BRG0004,TRAMADOL KAPSUL 50 MG,8700.7,14,DUS,121809.80000000002,IDR,BRND004,VNS,CUST55693,APOTEK SAHABAT,Padang,EPM,Apotek
IN6044_CUST55694,"5/1/2022",IN6044,BRG0005,KLORPROMAZINA TABLET SALUT SELAPUT 100 MG,5648.3,18,DUS,101669.40000000001,IDR,BRND005,SLCYL,CUST55694,KLINIK DR. ANDRI,Lampung,TD,Klinik
IN6178_CUST55695,"5/2/2022",IN6178,BRG0006,KETOCONAZOLE TABLET 200 MG,2819.2,18,DUS,50745.6,IDR,BRND006,OGB & PH,CUST55695,APOTEK TAPAK,Aceh,TA,Apotek
IN6270_CUST55696,"5/3/2022",IN6270,BRG0007,ERGOTAMINE COFFEINE,4592.1,19,DUS,87249.90000000001,IDR,BRND007,ETIKAL,CUST55696,APOTEK MAJA,Kuningan,EPM,Apotek
IN6123_CUST55697,"6/16/2022",IN6123,BRG0008,TETRACYCLINE KAPSUL 250 MG,3991.9,12,DUS,47902.8,IDR,BRND008,MARCKS,CUST55697,KLINIK GM,Jakarta,TD,Klinik
IN6265_CUST55698,"4/30/2022",IN6265,BRG0009,AMBROXOL HC,5780.7,25,DUS,144517.5,IDR,BRND009,VNS,CUST55698,APOTEK MERDEKA,Bandung,TD,Apotek
IN6158_CUST55699,"5/1/2022",IN6158,BRG0010,PARACETAMOL,6940.3,14,DUS,97164.2,IDR,BRND010,SLCYL,CUST55699,KLINIK SAHABAT,Tangerang,TA,Klinik
IN6105_CUST55700,"5/2/2022",IN6105,BRG0001,ACYCLOVIR DUS,1169.91,21,DUS,24568.11,IDR,BRND001,OGB & PH,CUST55700,APOTEK SINAR JAYA,Bekasi,EPM,Apotek
IN6213_CUST55701,"5/3/2022",IN6213,BRG0002,ALERGINE TABLET SALUT,2337.5,22,DUS,51425.0,IDR,BRND002,ETIKAL,CUST55701,APOTEK SAHABAT,Padang,TD,Apotek
IN6109_CUST55702,"6/16/2022",IN6109,BRG0003,AMPICILLIN,10690.6,12,DUS,128287.20000000001,IDR,BRND003,MARCKS,CUST55702,APOTEK TAPAK,Aceh,TA,Apotek
IN6249_CUST55703,"4/30/2022",IN6249,BRG0004,TRAMADOL KAPSUL 50 MG,8700.7,25,DUS,217517.50000000003,IDR,BRND004,VNS,CUST55703,APOTEK MAJA,Kuningan,EPM,Apotek
IN6067_CUST55704,"5/1/2022",IN6067,BRG0005,KLORPROMAZINA TABLET SALUT SELAPUT 100 MG,5648.3,14,DUS,79076.2,IDR,BRND005,SLCYL,CUST55704,KLINIK GM,Jakarta,TD,Klinik
IN6143_CUST55705,"5/2/2022",IN6143,BRG0006,KETOCONAZOLE TABLET 200 MG,2819.2,24,DUS,67660.79999999999,IDR,BRND006,OGB & PH,CUST55705,APOTEK MERDEKA,Bandung,TD,Apotek
IN5990_CUST55706,"5/3/2022",IN5990,BRG0001,ACYCLOVIR DUS,4592.1,10,DUS,45921.0,IDR,BRND007,OGB & PH,CUST55706,KLINIK SAHABAT,Tangerang,TA,Klinik
IN5992_CUST55707,"6/16/2022",IN5992,BRG0002,ALERGINE TABLET SALUT,3991.9,23,DUS,91813.7,IDR,BRND008,ETIKAL,CUST55707,APOTEK SINAR JAYA,Bekasi,EPM,Apotek
IN6132_CUST55708,"4/30/2022",IN6132,BRG0003,AMPICILLIN,5780.7,12,DUS,69368.4,IDR,BRND009,MARCKS,CUST55708,APOTEK SAHABAT,Padang,TD,Apotek
IN6030_CUST55709,"5/1/2022",IN6030,BRG0004,TRAMADOL KAPSUL 50 MG,6940.3,10,DUS,69403.0,IDR,BRND010,VNS,CUST55709,KLINIK DR. ANDRI,Lampung,TA,Klinik
IN6094_CUST55710,"5/2/2022",IN6094,BRG0001,ACYCLOVIR DUS,1169.91,67,DUS,78383.97,IDR,BRND001,OGB & PH,CUST55710,APOTEK TAPAK,Aceh,EPM,Apotek
IN6294_CUST55711,"5/3/2022",IN6294,BRG0002,ALERGINE TABLET SALUT,2337.5,98,DUS,229075.0,IDR,BRND002,ETIKAL,CUST55711,APOTEK MAJA,Kuningan,TD,Apotek
IN6012_CUST55712,"6/16/2022",IN6012,BRG0003,AMPICILLIN,10690.6,5,DUS,53453.0,IDR,BRND003,MARCKS,CUST55712,KLINIK GM,Jakarta,TA,Klinik
IN6106_CUST55713,"4/30/2022",IN6106,BRG0004,TRAMADOL KAPSUL 50 MG,8700.7,4,DUS,34802.8,IDR,BRND004,VNS,CUST55713,APOTEK MERDEKA,Bandung,EPM,Apotek
IN5984_CUST55714,"5/1/2022",IN5984,BRG0005,KLORPROMAZINA TABLET SALUT SELAPUT 100 MG,5648.3,8,DUS,45186.4,IDR,BRND005,SLCYL,CUST55714,KLINIK SAHABAT,Tangerang,TD,Klinik
IN6007_CUST55715,"5/2/2022",IN6007,BRG0006,KETOCONAZOLE TABLET 200 MG,2819.2,9,DUS,25372.8,IDR,BRND006,OGB & PH,CUST55715,APOTEK SINAR JAYA,Bekasi,TD,Apotek
IN6115_CUST55716,"5/3/2022",IN6115,BRG0007,ERGOTAMINE COFFEINE,4592.1,10,DUS,45921.0,IDR,BRND007,ETIKAL,CUST55716,APOTEK SAHABAT,Padang,TA,Apotek
IN6000_CUST55717,"6/16/2022",IN6000,BRG0008,TETRACYCLINE KAPSUL 250 MG,3991.9,7,DUS,27943.3,IDR,BRND008,MARCKS,CUST55717,APOTEK TAPAK,Aceh,EPM,Apotek
IN6097_CUST55718,"4/30/2022",IN6097,BRG0009,AMBROXOL HC,5780.7,100,DUS,578070.0,IDR,BRND009,VNS,CUST55718,APOTEK MAJA,Kuningan,TD,Apotek
IN5989_CUST55719,"5/1/2022",IN5989,BRG0010,PARACETAMOL,6940.3,67,DUS,465000.10000000003,IDR,BRND010,SLCYL,CUST55719,KLINIK GM,Jakarta,TA,Klinik
IN6151_CUST55720,"5/2/2022",IN6151,BRG0001,ACYCLOVIR DUS,1169.91,78,DUS,91252.98000000001,IDR,BRND001,OGB & PH,CUST55720,APOTEK MERDEKA,Bandung,EPM,Apotek
IN6037_CUST55721,"5/3/2022",IN6037,BRG0002,ALERGINE TABLET SALUT,2337.5,45,DUS,105187.5,IDR,BRND002,ETIKAL,CUST55721,KLINIK SAHABAT,Tangerang,TD,Klinik
IN6165_CUST55722,"6/16/2022",IN6165,BRG0003,AMPICILLIN,10690.6,34,DUS,363480.4,IDR,BRND003,MARCKS,CUST55722,APOTEK SINAR JAYA,Bekasi,TA,Apotek
IN6101_CUST55723,"4/30/2022",IN6101,BRG0004,TRAMADOL KAPSUL 50 MG,8700.7,20,DUS,174014.0,IDR,BRND004,VNS,CUST55723,APOTEK SAHABAT,Padang,EPM,Apotek
IN6142_CUST55724,"5/1/2022",IN6142,BRG0005,KLORPROMAZINA TABLET SALUT SELAPUT 100 MG,5648.3,45,DUS,254173.5,IDR,BRND005,SLCYL,CUST55724,KLINIK DR. ANDRI,Lampung,TD,Klinik
IN6312_CUST55725,"5/2/2022",IN6312,BRG0006,KETOCONAZOLE TABLET 200 MG,2819.2,34,DUS,95852.79999999999,IDR,BRND006,OGB & PH,CUST55725,APOTEK TAPAK,Aceh,TD,Apotek
IN6112_CUST55726,"5/3/2022",IN6112,BRG0007,ERGOTAMINE COFFEINE,4592.1,34,DUS,156131.40000000002,IDR,BRND007,ETIKAL,CUST55726,APOTEK MAJA,Kuningan,TA,Apotek
IN6204_CUST55727,"6/16/2022",IN6204,BRG0008,TETRACYCLINE KAPSUL 250 MG,3991.9,34,DUS,135724.6,IDR,BRND008,MARCKS,CUST55727,KLINIK GM,Jakarta,EPM,Klinik
IN6304_CUST55728,"4/30/2022",IN6304,BRG0009,AMBROXOL HC,5780.7,44,DUS,254350.8,IDR,BRND009,VNS,CUST55728,APOTEK MERDEKA,Bandung,TD,Apotek
IN6004_CUST55729,"5/1/2022",IN6004,BRG0010,PARACETAMOL,6940.3,5,DUS,34701.5,IDR,BRND010,SLCYL,CUST55729,KLINIK SAHABAT,Tangerang,TA,Klinik
